Price,Brand,Processor Brand,Processor Model,Generation,Processor Base Frequency,Processor Max Frequency,Processor Core,Processor Thread,CPU Cache,RAM,RAM Type,Display Size,Graphics Memory,Battery Capacity
70400.0,4.0,1.0,1.0,11.0,2.4,4.2,4.0,1,8.0,1.0,1.0,14.0,1.0,48.0
129800.0,5.0,1.0,2.0,11.0,2.3,4.6,3.0,3,13.0,1.0,1.0,15.6,4.0,51.0
29950.0,11.0,1.0,7.0,12.0,1.1,2.8,2.0,2,4.0,4.0,3.0,14.0,1.0,10.0
32010.0,9.0,1.0,7.0,10.0,1.9,1.9,2.0,2,2.0,4.0,1.0,14.0,1.0,45.0
32999.0,6.0,2.0,10.0,11.0,3.1,3.7,2.0,2,1.0,4.0,1.0,14.1,1.0,10.0
33420.0,9.0,1.0,7.0,10.0,1.9,1.9,2.0,2,2.0,4.0,1.0,14.0,1.0,45.0
37950.0,2.0,1.0,7.0,11.0,1.1,2.8,2.0,2,4.0,4.0,1.0,15.6,1.0,45.0
37950.0,2.0,1.0,7.0,12.0,1.1,2.8,2.0,2,4.0,4.0,1.0,15.6,1.0,45.0
38630.0,2.0,1.0,7.0,11.0,1.1,2.8,2.0,2,4.0,4.0,1.0,10.1,1.0,39.0
38520.0,2.0,1.0,7.0,11.0,1.1,2.8,2.0,2,4.0,4.0,1.0,15.6,1.0,35.0
38500.0,2.0,1.0,7.0,12.0,1.1,2.8,2.0,2,4.0,4.0,1.0,15.6,1.0,45.0
43400.0,1.0,1.0,7.0,11.0,1.1,2.8,2.0,2,4.0,4.0,1.0,15.6,1.0,37.0
46550.0,9.0,1.0,3.0,10.0,2.1,4.1,2.0,2,4.0,1.0,1.0,14.0,1.0,45.0
45650.0,1.0,1.0,7.0,11.0,1.1,2.8,2.0,2,4.0,4.0,1.0,15.6,1.0,37.0
46200.0,1.0,1.0,7.0,4.0,1.1,2.8,2.0,2,4.0,4.0,1.0,15.6,1.0,37.0
46200.0,1.0,1.0,7.0,11.0,1.1,2.8,2.0,2,4.0,4.0,1.0,15.6,1.0,37.0
48280.0,1.0,1.0,7.0,12.0,1.1,2.8,2.0,2,4.0,4.0,1.0,15.6,1.0,42.0
47740.0,1.0,1.0,7.0,12.0,1.1,2.8,2.0,2,4.0,4.0,1.0,14.0,1.0,37.0
48830.0,4.0,1.0,3.0,11.0,3.0,4.1,2.0,2,6.0,4.0,1.0,15.6,1.0,36.0
49910.0,3.0,1.0,7.0,11.0,1.1,2.8,2.0,2,4.0,4.0,1.0,15.6,1.0,41.0
49830.0,1.0,1.0,3.0,10.0,2.1,4.1,2.0,2,4.0,4.0,1.0,15.6,1.0,37.0
50240.0,1.0,1.0,3.0,10.0,2.1,4.1,2.0,2,4.0,4.0,1.0,14.0,1.0,37.0
49410.0,1.0,1.0,3.0,10.0,2.1,4.1,2.0,2,4.0,4.0,1.0,14.0,1.0,37.0
49950.0,1.0,1.0,3.0,10.0,1.2,3.4,2.0,2,4.0,4.0,1.0,15.6,1.0,37.0
49910.0,1.0,1.0,7.0,7.0,1.1,2.8,2.0,2,4.0,4.0,1.0,15.6,1.0,42.0
50280.0,1.0,1.0,3.0,10.0,2.1,4.1,2.0,2,4.0,4.0,1.0,15.6,1.0,37.0
48830.0,4.0,2.0,6.0,3.0,2.6,3.5,2.0,2,9.0,1.0,1.0,15.6,1.0,45.0
49910.0,2.0,1.0,3.0,10.0,1.2,3.4,2.0,2,4.0,4.0,1.0,15.6,1.0,35.0
49500.0,1.0,1.0,7.0,4.0,1.1,2.8,2.0,2,4.0,4.0,1.0,11.6,1.0,42.0
51580.0,1.0,1.0,3.0,10.0,1.2,3.4,2.0,2,4.0,1.0,1.0,15.6,1.0,37.0
54449.0,6.0,1.0,3.0,10.0,2.1,4.1,2.0,2,4.0,4.0,1.0,14.0,1.0,36.0
50450.0,9.0,1.0,3.0,10.0,2.1,4.1,2.0,2,4.0,1.0,1.0,15.6,1.0,36.0
51860.0,6.0,1.0,3.0,11.0,3.0,4.1,2.0,2,6.0,4.0,1.0,14.0,1.0,42.0
54470.0,1.0,2.0,6.0,3.0,2.6,3.5,2.0,2,5.0,4.0,1.0,14.0,1.0,37.0
55340.0,3.0,2.0,11.0,3.0,2.3,3.2,2.0,2,4.0,1.0,1.0,15.6,1.0,41.0
55650.0,8.0,1.0,7.0,11.0,1.7,1.7,2.0,2,2.0,4.0,2.0,10.5,1.0,56.0
55380.0,1.0,1.0,3.0,11.0,3.0,4.1,2.0,2,6.0,4.0,1.0,15.6,1.0,37.0
56200.0,1.0,2.0,6.0,3.0,2.0,2.0,4.0,2,5.0,4.0,1.0,15.6,1.0,37.0
55380.0,1.0,1.0,3.0,11.0,3.0,4.1,2.0,2,6.0,4.0,1.0,15.6,1.0,37.0
56420.0,6.0,1.0,3.0,11.0,3.0,4.1,2.0,2,6.0,4.0,1.0,15.6,1.0,42.0
54450.0,1.0,1.0,3.0,10.0,1.2,3.4,2.0,2,4.0,4.0,1.0,15.6,1.0,37.0
57200.0,3.0,1.0,3.0,11.0,3.0,4.1,2.0,2,6.0,4.0,1.0,15.6,1.0,41.0
56640.0,2.0,1.0,3.0,11.0,3.0,4.1,2.0,2,6.0,4.0,1.0,15.6,1.0,45.0
56750.0,2.0,2.0,6.0,3.0,2.6,2.6,2.0,2,4.0,1.0,1.0,15.6,1.0,41.0
54790.0,4.0,1.0,3.0,11.0,3.0,4.1,2.0,2,6.0,1.0,1.0,15.6,1.0,36.0
55000.0,9.0,1.0,1.0,8.0,1.6,3.4,4.0,1,6.0,1.0,1.0,15.6,1.0,31.0
57200.0,2.0,1.0,3.0,11.0,3.0,4.1,2.0,2,6.0,4.0,1.0,15.6,1.0,45.0
54450.0,6.0,1.0,3.0,11.0,3.0,4.1,2.0,2,6.0,4.0,1.0,14.0,1.0,42.0
59400.0,3.0,1.0,3.0,11.0,3.0,4.1,2.0,2,6.0,4.0,1.0,15.6,1.0,41.0
59460.0,1.0,2.0,6.0,3.0,2.6,3.5,2.0,2,4.0,4.0,1.0,15.6,1.0,37.0
58000.0,4.0,1.0,3.0,11.0,3.0,4.1,2.0,2,6.0,4.0,1.0,15.6,1.0,48.0
58090.0,1.0,2.0,6.0,3.0,2.6,3.5,2.0,2,4.0,4.0,1.0,15.6,1.0,37.0
59400.0,2.0,1.0,3.0,11.0,3.0,4.1,2.0,2,6.0,1.0,1.0,15.6,1.0,38.0
61300.0,2.0,1.0,3.0,11.0,3.0,4.1,2.0,2,6.0,1.0,1.0,14.0,1.0,45.0
58190.0,9.0,1.0,3.0,11.0,3.0,4.1,2.0,2,6.0,1.0,1.0,14.0,1.0,49.0
62390.0,1.0,1.0,3.0,11.0,3.0,4.1,2.0,2,6.0,4.0,1.0,15.6,1.0,37.0
62930.0,3.0,1.0,3.0,11.0,3.0,4.1,2.0,2,6.0,1.0,1.0,15.6,1.0,41.0
63690.0,6.0,2.0,6.0,5.0,2.7,2.7,4.0,1,8.0,1.0,1.0,15.6,1.0,41.0
61050.0,1.0,1.0,3.0,11.0,3.0,4.1,2.0,2,6.0,4.0,1.0,15.6,1.0,42.0
63250.0,4.0,1.0,3.0,11.0,3.0,4.1,2.0,2,6.0,1.0,4.0,14.0,1.0,48.0
62470.0,9.0,1.0,2.0,8.0,1.8,4.0,4.0,1,8.0,1.0,1.0,15.6,1.0,31.0
63520.0,1.0,1.0,3.0,11.0,3.0,4.1,2.0,2,6.0,1.0,1.0,15.6,1.0,37.0
64020.0,1.0,1.0,3.0,11.0,3.0,4.1,2.0,2,6.0,1.0,1.0,15.6,1.0,37.0
63000.0,4.0,1.0,3.0,11.0,3.0,4.1,2.0,2,6.0,1.0,1.0,14.0,1.0,48.0
64560.0,1.0,1.0,1.0,10.0,1.0,3.6,4.0,1,6.0,4.0,1.0,15.6,1.0,37.0
62700.0,4.0,1.0,3.0,13.0,1.0,3.6,3.0,1,6.0,1.0,5.0,15.6,1.0,40.0
65640.0,3.0,2.0,6.0,5.0,2.6,3.8,4.0,1,4.0,1.0,1.0,15.6,1.0,41.0
65450.0,2.0,1.0,3.0,11.0,3.0,4.1,2.0,2,6.0,1.0,1.0,15.6,1.0,45.0
66730.0,3.0,1.0,3.0,12.0,3.0,4.1,6.0,1,10.0,4.0,1.0,15.6,1.0,41.0
65000.0,2.0,2.0,5.0,7.0,2.8,2.8,4.0,1,8.0,1.0,2.0,14.0,1.0,42.0
65000.0,2.0,2.0,5.0,7.0,2.8,2.8,4.0,1,8.0,1.0,2.0,15.6,1.0,42.0
67810.0,1.0,1.0,3.0,11.0,3.0,4.1,2.0,2,6.0,1.0,1.0,15.6,1.0,37.0
67810.0,1.0,1.0,3.0,11.0,3.0,4.1,2.0,2,6.0,1.0,1.0,15.6,1.0,37.0
69299.0,6.0,1.0,1.0,10.0,1.6,4.2,4.0,1,6.0,1.0,1.0,14.0,1.0,36.0
66770.0,1.0,1.0,1.0,10.0,1.0,3.6,4.0,1,6.0,1.0,1.0,15.6,1.0,37.0
69300.0,6.0,1.0,3.0,11.0,3.0,4.1,2.0,2,6.0,4.0,1.0,14.0,1.0,42.0
66000.0,4.0,1.0,3.0,12.0,3.3,4.4,6.0,1,10.0,1.0,1.0,15.6,1.0,40.0
68900.0,3.0,1.0,3.0,12.0,3.3,4.4,6.0,1,10.0,1.0,1.0,15.6,1.0,41.0
64600.0,10.0,1.0,3.0,11.0,2.4,4.2,2.0,2,6.0,1.0,1.0,15.6,1.0,42.0
64600.0,10.0,1.0,3.0,11.0,3.0,4.1,2.0,2,6.0,1.0,4.0,15.6,1.0,42.0
66000.0,2.0,1.0,1.0,11.0,2.4,4.2,4.0,1,8.0,1.0,1.0,14.0,1.0,38.0
67100.0,2.0,2.0,5.0,7.0,2.8,2.8,4.0,1,8.0,1.0,2.0,14.0,1.0,42.0
65325.0,9.0,1.0,1.0,10.0,1.6,4.2,4.0,1,6.0,1.0,1.0,15.6,1.0,36.0
69980.0,3.0,1.0,3.0,12.0,1.6,4.2,6.0,1,10.0,1.0,1.0,15.6,1.0,41.0
68200.0,2.0,2.0,5.0,7.0,2.8,2.8,4.0,1,8.0,1.0,2.0,15.6,1.0,42.0
67500.0,2.0,1.0,1.0,11.0,2.4,4.2,4.0,1,8.0,1.0,1.0,14.0,1.0,38.0
71390.0,1.0,1.0,3.0,11.0,3.0,4.1,2.0,2,6.0,4.0,1.0,15.6,1.0,42.0
69300.0,4.0,1.0,1.0,11.0,2.4,4.2,4.0,1,8.0,1.0,1.0,15.6,1.0,36.0
67500.0,2.0,1.0,3.0,11.0,3.0,4.1,2.0,2,6.0,1.0,1.0,14.0,1.0,45.0
71940.0,6.0,1.0,3.0,12.0,3.0,4.1,6.0,1,10.0,1.0,1.0,15.6,1.0,41.0
69300.0,2.0,2.0,5.0,5.0,2.3,4.3,6.0,4,9.0,1.0,4.0,15.6,1.0,45.0
70950.0,4.0,2.0,5.0,7.0,2.8,2.8,4.0,1,8.0,1.0,1.0,15.6,1.0,40.0
73820.0,1.0,1.0,1.0,11.0,2.4,4.2,4.0,1,8.0,4.0,1.0,15.6,1.0,37.0
74540.0,1.0,1.0,3.0,12.0,2.4,4.2,4.0,4,12.0,4.0,1.0,14.0,1.0,42.0
71500.0,2.0,2.0,5.0,5.0,2.3,4.3,6.0,4,9.0,1.0,4.0,15.6,1.0,45.0
75410.0,1.0,1.0,3.0,12.0,2.3,4.3,4.0,4,12.0,4.0,1.0,15.6,1.0,42.0
73700.0,2.0,2.0,5.0,5.0,2.1,4.0,6.0,4,8.0,1.0,1.0,15.6,1.0,38.0
74327.0,11.0,1.0,1.0,11.0,2.4,4.2,4.0,1,8.0,1.0,1.0,14.0,1.0,10.0
74327.0,11.0,1.0,1.0,11.0,2.4,4.2,4.0,1,8.0,1.0,1.0,14.0,1.0,10.0
74327.0,11.0,1.0,1.0,11.0,2.4,4.2,4.0,1,8.0,1.0,1.0,14.0,1.0,10.0
74327.0,11.0,1.0,1.0,11.0,2.4,4.2,4.0,1,8.0,1.0,1.0,14.0,1.0,10.0
74327.0,11.0,1.0,1.0,11.0,2.4,4.2,4.0,1,8.0,1.0,1.0,14.0,1.0,10.0
74327.0,11.0,1.0,1.0,11.0,2.4,4.2,4.0,1,8.0,1.0,1.0,14.0,1.0,10.0
73700.0,1.0,1.0,1.0,11.0,2.4,4.2,4.0,1,8.0,4.0,1.0,14.0,1.0,37.0
72358.0,9.0,1.0,1.0,11.0,2.4,4.2,4.0,1,6.0,1.0,1.0,14.0,1.0,49.0
77360.0,6.0,2.0,5.0,5.0,2.3,4.3,6.0,4,9.0,1.0,1.0,15.6,1.0,41.0
75416.0,11.0,1.0,1.0,11.0,2.4,4.2,4.0,1,8.0,1.0,1.0,14.0,1.0,10.0
75416.0,11.0,1.0,1.0,11.0,2.4,4.2,4.0,1,8.0,1.0,1.0,14.0,1.0,10.0
75416.0,11.0,1.0,1.0,11.0,2.4,4.2,4.0,1,8.0,1.0,1.0,14.0,1.0,10.0
75416.0,11.0,1.0,1.0,11.0,2.4,4.2,4.0,1,8.0,1.0,1.0,14.0,1.0,10.0
75416.0,11.0,1.0,1.0,11.0,2.4,4.2,4.0,1,8.0,1.0,1.0,14.0,1.0,10.0
79210.0,13.0,1.0,1.0,11.0,2.4,4.2,4.0,1,8.0,1.0,4.0,14.0,1.0,54.0
75600.0,6.0,1.0,3.0,11.0,2.0,3.7,4.0,1,8.0,1.0,1.0,14.0,1.0,42.0
79210.0,13.0,1.0,1.0,11.0,2.4,4.2,4.0,1,8.0,1.0,4.0,14.0,1.0,54.0
79200.0,2.0,1.0,1.0,11.0,2.4,4.2,4.0,1,8.0,1.0,1.0,15.6,1.0,45.0
80510.0,2.0,1.0,1.0,11.0,2.4,4.2,4.0,1,8.0,1.0,1.0,15.6,1.0,62.0
80510.0,2.0,1.0,1.0,11.0,2.4,4.2,4.0,1,8.0,1.0,1.0,15.6,1.0,42.0
79750.0,2.0,1.0,1.0,11.0,2.4,4.2,4.0,1,8.0,1.0,1.0,14.0,1.0,45.0
75450.0,9.0,1.0,2.0,10.0,1.8,4.9,4.0,1,8.0,1.0,1.0,15.6,1.0,36.0
80330.0,1.0,1.0,1.0,11.0,2.4,4.2,4.0,1,8.0,1.0,1.0,15.6,1.0,37.0
80850.0,2.0,1.0,1.0,12.0,2.4,4.2,4.0,4,12.0,1.0,1.0,14.0,1.0,45.0
82140.0,2.0,1.0,1.0,12.0,2.1,4.2,4.0,4,8.0,1.0,1.0,14.0,4.0,88.0
81920.0,10.0,1.0,1.0,11.0,2.4,4.2,4.0,1,8.0,1.0,4.0,15.6,1.0,42.0
82460.0,3.0,1.0,3.0,12.0,2.4,2.8,2.0,2,12.0,1.0,2.0,14.0,1.0,45.0
81960.0,1.0,1.0,1.0,11.0,2.4,4.2,4.0,1,8.0,1.0,1.0,15.6,1.0,37.0
85250.0,6.0,1.0,2.0,10.0,1.8,4.9,4.0,1,8.0,1.0,1.0,14.0,1.0,36.0
83590.0,1.0,1.0,1.0,11.0,2.4,4.2,4.0,1,8.0,1.0,1.0,14.0,1.0,37.0
82790.0,2.0,1.0,1.0,11.0,2.4,4.2,4.0,1,8.0,1.0,1.0,15.6,2.0,45.0
81420.0,10.0,1.0,1.0,11.0,2.4,4.2,4.0,1,8.0,1.0,1.0,15.6,1.0,42.0
81420.0,10.0,1.0,1.0,11.0,2.4,4.2,4.0,1,8.0,1.0,1.0,14.0,1.0,56.0
83600.0,4.0,1.0,1.0,12.0,3.3,4.4,4.0,4,12.0,1.0,1.0,15.6,1.0,40.0
85250.0,2.0,1.0,1.0,11.0,2.4,4.2,4.0,1,8.0,1.0,1.0,15.6,2.0,45.0
86580.0,1.0,1.0,8.0,5.0,4.1,4.2,4.0,3,12.0,1.0,1.0,16.2,1.0,10.0
87670.0,3.0,1.0,1.0,12.0,2.4,4.2,4.0,4,12.0,1.0,1.0,15.6,1.0,41.0
88210.0,6.0,1.0,1.0,12.0,2.8,4.7,4.0,4,12.0,1.0,1.0,15.6,1.0,41.0
85000.0,4.0,1.0,2.0,11.0,2.8,4.7,4.0,1,12.0,1.0,1.0,14.0,1.0,48.0
89560.0,2.0,1.0,1.0,11.0,2.4,4.2,4.0,1,8.0,1.0,1.0,14.0,2.0,56.0
90060.0,2.0,1.0,1.0,11.0,2.4,4.2,4.0,1,8.0,1.0,1.0,14.0,1.0,45.0
90600.0,2.0,1.0,1.0,11.0,2.4,4.2,4.0,1,8.0,1.0,1.0,15.6,2.0,45.0
85514.0,9.0,1.0,2.0,11.0,2.8,4.7,4.0,1,12.0,1.0,1.0,14.0,1.0,49.0
90750.0,2.0,1.0,1.0,12.0,2.8,4.7,4.0,4,12.0,1.0,1.0,15.6,1.0,45.0
87950.0,4.0,1.0,1.0,12.0,2.8,4.7,5.0,3,12.0,1.0,1.0,14.0,1.0,50.0
91180.0,4.0,1.0,2.0,11.0,2.8,4.7,4.0,1,12.0,1.0,1.0,14.0,1.0,48.0
90920.0,6.0,1.0,2.0,11.0,2.8,4.7,4.0,1,12.0,1.0,1.0,14.0,2.0,40.0
91900.0,6.0,1.0,1.0,11.0,3.2,4.5,4.0,1,8.0,1.0,1.0,15.6,1.0,54.0
88000.0,13.0,1.0,1.0,11.0,3.1,4.4,4.0,1,8.0,2.0,1.0,14.0,1.0,50.0
93300.0,3.0,1.0,1.0,11.0,2.4,4.2,4.0,1,8.0,1.0,1.0,14.0,1.0,45.0
92230.0,6.0,2.0,4.0,5.0,2.0,2.0,3.0,3,9.0,1.0,1.0,15.6,1.0,41.0
97330.0,2.0,1.0,1.0,11.0,2.4,4.2,4.0,1,8.0,1.0,1.0,14.0,1.0,45.0
90200.0,6.0,1.0,1.0,11.0,2.6,4.4,4.0,1,8.0,2.0,1.0,14.0,1.0,42.0
92770.0,1.0,1.0,1.0,12.0,2.6,4.4,5.0,3,12.0,1.0,1.0,15.6,1.0,42.0
92770.0,4.0,2.0,5.0,5.0,2.1,4.0,6.0,4,8.0,1.0,1.0,15.6,4.0,48.0
91850.0,6.0,1.0,1.0,11.0,2.4,4.2,4.0,1,8.0,1.0,1.0,14.0,1.0,42.0
93530.0,6.0,1.0,1.0,11.0,2.4,4.2,4.0,1,8.0,1.0,1.0,15.6,2.0,41.0
93850.0,2.0,1.0,1.0,5.0,1.6,4.3,4.0,1,8.0,2.0,3.0,16.0,1.0,37.0
92810.0,6.0,1.0,1.0,11.0,2.4,4.2,4.0,1,8.0,1.0,1.0,15.6,2.0,41.0
92524.0,3.0,1.0,1.0,11.0,2.4,4.2,4.0,1,8.0,1.0,1.0,15.6,1.0,45.0
94400.0,3.0,1.0,1.0,11.0,2.4,4.2,4.0,1,8.0,1.0,1.0,14.0,1.0,45.0
94940.0,1.0,1.0,1.0,12.0,2.4,4.2,5.0,3,12.0,1.0,1.0,14.0,1.0,42.0
97430.0,1.0,2.0,5.0,4.0,3.0,4.0,6.0,4,8.0,1.0,1.0,15.6,4.0,48.0
98520.0,3.0,1.0,1.0,12.0,2.4,4.2,4.0,4,12.0,1.0,1.0,14.0,1.0,41.0
98520.0,3.0,1.0,1.0,12.0,2.4,4.2,4.0,4,12.0,1.0,1.0,15.6,2.0,51.0
98740.0,1.0,1.0,1.0,10.0,2.5,4.5,4.0,1,8.0,1.0,1.0,15.6,4.0,48.0
95500.0,3.0,2.0,5.0,5.0,2.4,3.2,6.0,4,9.0,1.0,1.0,15.6,1.0,45.0
99820.0,3.0,1.0,1.0,12.0,2.5,4.5,5.0,3,12.0,1.0,1.0,15.6,1.0,41.0
100690.0,3.0,1.0,1.0,12.0,1.7,4.7,5.0,3,12.0,1.0,1.0,15.6,1.0,41.0
141900.0,3.0,1.0,2.0,12.0,1.7,4.7,4.0,4,12.0,1.0,1.0,14.0,1.0,41.0
99000.0,4.0,2.0,5.0,7.0,2.0,2.0,6.0,4,9.0,1.0,1.0,14.0,1.0,50.0
100410.0,1.0,1.0,1.0,11.0,2.4,4.2,4.0,1,8.0,1.0,1.0,15.6,2.0,42.0
102530.0,1.0,1.0,1.0,11.0,2.4,4.2,4.0,1,8.0,1.0,1.0,15.6,2.0,50.0
100466.0,1.0,2.0,4.0,5.0,20.0,4.4,4.0,3,9.0,1.0,1.0,15.6,1.0,63.0
99820.0,6.0,1.0,2.0,12.0,2.8,4.7,4.0,4,12.0,1.0,1.0,15.6,1.0,54.0
103940.0,1.0,1.0,2.0,11.0,2.8,4.7,4.0,1,12.0,1.0,1.0,15.6,1.0,37.0
104200.0,1.0,1.0,1.0,11.0,2.4,4.2,4.0,1,8.0,1.0,1.0,15.6,1.0,42.0
107250.0,1.0,1.0,1.0,11.0,2.4,4.2,4.0,1,8.0,1.0,1.0,13.3,1.0,33.0
105790.0,4.0,1.0,1.0,12.0,2.4,4.2,5.0,3,12.0,1.0,1.0,15.6,4.0,50.0
106870.0,10.0,1.0,1.0,12.0,3.3,4.4,3.0,4,12.0,2.0,4.0,16.0,1.0,60.0
107740.0,2.0,1.0,2.0,11.0,2.8,4.7,4.0,1,12.0,1.0,1.0,15.6,1.0,45.0
106700.0,2.0,1.0,2.0,11.0,2.8,4.7,4.0,1,12.0,1.0,1.0,14.0,1.0,45.0
105200.0,1.0,2.0,5.0,5.0,2.1,4.0,6.0,4,8.0,1.0,4.0,14.0,1.0,67.0
110130.0,2.0,2.0,4.0,5.0,1.8,4.3,3.0,3,8.0,2.0,1.0,14.0,1.0,52.0
110130.0,4.0,1.0,1.0,12.0,1.8,4.3,5.0,3,12.0,1.0,1.0,15.6,4.0,50.0
108540.0,1.0,1.0,1.0,11.0,2.4,4.2,4.0,1,8.0,1.0,1.0,15.6,2.0,42.0
109450.0,1.0,1.0,1.0,11.0,2.4,4.2,4.0,1,8.0,1.0,1.0,15.6,2.0,42.0
110170.0,1.0,1.0,1.0,11.0,2.4,4.2,4.0,1,8.0,1.0,1.0,15.6,2.0,42.0
109450.0,4.0,1.0,1.0,12.0,2.4,4.2,5.0,3,12.0,2.0,1.0,15.6,4.0,50.0
115010.0,7.0,3.0,10.0,11.0,2.0,2.0,3.0,1,4.0,1.0,1.0,13.3,1.0,49.0
112750.0,1.0,1.0,2.0,11.0,2.8,4.7,4.0,1,12.0,2.0,1.0,14.0,1.0,50.0
116640.0,2.0,1.0,1.0,11.0,3.1,4.4,4.0,1,8.0,1.0,1.0,15.6,4.0,41.0
117720.0,5.0,1.0,1.0,12.0,3.3,4.4,3.0,4,12.0,1.0,1.0,15.6,4.0,52.0
115600.0,1.0,1.0,1.0,11.0,2.4,4.2,4.0,1,8.0,1.0,1.0,14.0,1.0,67.0
112200.0,1.0,1.0,2.0,11.0,2.8,4.7,4.0,1,12.0,2.0,1.0,14.0,1.0,42.0
117700.0,4.0,1.0,1.0,12.0,2.8,4.7,5.0,3,12.0,2.0,4.0,14.0,1.0,56.0
120440.0,4.0,1.0,1.0,12.0,2.8,4.7,5.0,3,12.0,1.0,1.0,15.6,4.0,50.0
119350.0,1.0,1.0,2.0,11.0,2.8,4.7,3.0,2,8.0,1.0,1.0,15.6,2.0,42.0
119350.0,1.0,1.0,2.0,11.0,2.8,4.7,4.0,1,12.0,1.0,1.0,15.6,2.0,42.0
122110.0,1.0,1.0,2.0,11.0,3.3,4.8,4.0,1,12.0,1.0,1.0,15.6,1.0,63.0
122110.0,1.0,1.0,2.0,11.0,2.8,4.7,4.0,1,12.0,2.0,1.0,14.0,2.0,42.0
121000.0,5.0,2.0,5.0,5.0,3.3,4.2,6.0,4,9.0,1.0,1.0,15.6,4.0,53.0
122060.0,5.0,1.0,1.0,11.0,2.7,4.5,6.0,3,12.0,1.0,1.0,15.6,1.0,51.0
126500.0,12.0,1.0,1.0,12.0,2.7,4.5,5.0,3,18.0,1.0,1.0,15.6,4.0,54.0
126500.0,1.0,2.0,5.0,4.0,3.0,4.0,6.0,4,8.0,1.0,1.0,15.6,4.0,48.0
126450.0,1.0,1.0,2.0,11.0,2.8,4.7,4.0,1,12.0,1.0,1.0,15.6,2.0,42.0
130900.0,1.0,1.0,1.0,11.0,2.4,4.2,4.0,1,8.0,1.0,4.0,14.0,1.0,63.0
126450.0,1.0,1.0,2.0,11.0,2.8,4.7,4.0,1,12.0,1.0,1.0,15.6,2.0,42.0
129120.0,5.0,1.0,1.0,12.0,3.3,4.4,3.0,4,12.0,1.0,1.0,15.6,4.0,53.0
129700.0,2.0,1.0,1.0,11.0,3.1,4.4,4.0,1,8.0,2.0,1.0,16.0,2.0,75.0
129800.0,4.0,1.0,1.0,12.0,3.1,4.4,5.0,3,18.0,1.0,1.0,15.6,4.0,57.0
129800.0,1.0,2.0,5.0,4.0,3.0,4.0,6.0,4,8.0,1.0,1.0,17.3,4.0,48.0
136490.0,1.0,1.0,2.0,11.0,2.8,4.7,4.0,1,12.0,2.0,1.0,13.3,1.0,33.0
137500.0,1.0,2.0,4.0,4.0,2.9,4.2,3.0,3,8.0,2.0,1.0,15.6,4.0,48.0
138380.0,1.0,2.0,5.0,5.0,2.3,4.3,6.0,4,9.0,2.0,4.0,14.0,1.0,75.0
138600.0,1.0,1.0,7.0,12.0,2.3,4.3,5.0,3,18.0,2.0,1.0,16.0,1.0,70.0
143000.0,1.0,1.0,1.0,11.0,2.7,4.5,6.0,4,12.0,1.0,1.0,15.6,4.0,48.0
143000.0,1.0,2.0,4.0,4.0,2.9,4.2,3.0,3,8.0,2.0,1.0,17.3,4.0,48.0
143810.0,1.0,2.0,5.0,4.0,3.0,4.0,6.0,4,8.0,2.0,1.0,15.6,4.0,63.0
145930.0,2.0,1.0,2.0,11.0,3.3,4.8,4.0,1,12.0,2.0,1.0,15.6,4.0,45.0
142020.0,1.0,1.0,1.0,11.0,2.4,4.2,4.0,1,8.0,1.0,4.0,14.0,1.0,63.0
145930.0,2.0,1.0,2.0,11.0,3.3,4.8,4.0,1,12.0,2.0,1.0,15.6,4.0,45.0
148500.0,3.0,2.0,4.0,5.0,3.2,4.4,3.0,3,9.0,2.0,1.0,15.6,4.0,52.0
220550.0,3.0,1.0,3.0,12.0,1.1,4.2,2.0,1,9.0,1.0,1.0,15.6,1.0,96.0
149730.0,1.0,2.0,4.0,5.0,2.0,2.0,3.0,3,9.0,2.0,4.0,14.0,1.0,75.0
150820.0,2.0,1.0,2.0,11.0,2.8,2.8,4.0,1,12.0,2.0,1.0,14.0,2.0,3.0
148500.0,5.0,1.0,2.0,11.0,3.0,4.8,4.0,1,12.0,2.0,4.0,14.0,2.0,52.0
152990.0,7.0,3.0,10.0,4.0,2.4,2.4,3.0,1,18.0,1.0,1.0,13.6,1.0,52.0
152990.0,7.0,3.0,10.0,11.0,2.4,2.4,3.0,1,18.0,1.0,1.0,13.6,1.0,52.0
152990.0,7.0,3.0,10.0,11.0,2.4,2.4,3.0,1,18.0,1.0,1.0,13.6,1.0,52.0
152990.0,7.0,3.0,10.0,12.0,2.4,2.4,3.0,1,18.0,1.0,1.0,13.6,1.0,52.0
155160.0,2.0,1.0,2.0,5.0,2.6,4.8,3.0,1,18.0,1.0,2.0,16.0,4.0,49.0
155160.0,5.0,1.0,2.0,11.0,1.2,4.8,4.0,1,12.0,2.0,3.0,14.0,4.0,52.0
154000.0,4.0,2.0,5.0,6.0,3.3,4.5,6.0,4,9.0,1.0,2.0,15.6,4.0,57.0
154000.0,1.0,2.0,4.0,6.0,3.2,4.7,3.0,3,9.0,1.0,2.0,15.6,4.0,56.0
154000.0,1.0,1.0,1.0,12.0,3.3,4.4,3.0,4,12.0,1.0,2.0,15.6,4.0,76.0
154000.0,1.0,2.0,4.0,4.0,2.9,4.2,3.0,3,8.0,1.0,1.0,15.6,4.0,56.0
155100.0,1.0,2.0,4.0,12.0,2.9,4.2,3.0,3,18.0,2.0,1.0,15.6,4.0,63.0
156200.0,8.0,1.0,1.0,11.0,2.4,4.2,4.0,1,8.0,2.0,4.0,13.5,1.0,47.0
152000.0,8.0,1.0,1.0,12.0,2.4,4.2,4.0,4,12.0,1.0,5.0,13.0,1.0,47.0
156200.0,1.0,1.0,2.0,11.0,2.3,4.6,3.0,3,13.0,1.0,1.0,15.6,4.0,48.0
151800.0,4.0,2.0,4.0,5.0,2.3,4.6,3.0,3,9.0,2.0,1.0,15.6,4.0,57.0
160580.0,1.0,2.0,4.0,6.0,3.2,4.7,3.0,3,9.0,2.0,2.0,16.0,4.0,70.0
161670.0,12.0,1.0,1.0,12.0,3.2,4.7,5.0,3,18.0,1.0,1.0,15.6,3.0,54.0
160080.0,1.0,2.0,4.0,7.0,4.0,4.0,4.0,3,9.0,2.0,1.0,15.6,4.0,63.0
166550.0,7.0,1.0,3.0,12.0,2.1,4.3,5.0,4,12.0,1.0,1.0,15.6,1.0,52.0
166550.0,7.0,1.0,10.0,11.0,3.3,1.7,4.0,1,9.0,4.0,1.0,15.6,1.0,45.0
158500.0,2.0,1.0,1.0,11.0,2.4,4.2,4.0,1,8.0,1.0,1.0,14.0,1.0,50.0
166590.0,1.0,1.0,2.0,11.0,2.8,4.7,4.0,1,12.0,2.0,4.0,14.0,1.0,63.0
169260.0,1.0,1.0,2.0,11.0,2.8,4.7,4.0,1,12.0,2.0,4.0,14.0,1.0,63.0
168760.0,1.0,2.0,8.0,5.0,3.3,3.3,3.0,3,9.0,2.0,1.0,15.6,4.0,63.0
170500.0,1.0,1.0,7.0,11.0,2.9,5.0,4.0,1,12.0,2.0,4.0,14.0,1.0,70.0
170500.0,1.0,1.0,1.0,12.0,3.3,4.4,3.0,4,12.0,2.0,2.0,15.6,4.0,76.0
172420.0,8.0,1.0,1.0,12.0,3.3,4.4,4.0,4,12.0,2.0,6.0,13.5,1.0,47.0
176000.0,1.0,1.0,2.0,12.0,2.3,2.3,1.0,5,13.0,1.0,2.0,15.6,4.0,56.0
180400.0,1.0,1.0,2.0,11.0,3.3,4.8,4.0,1,12.0,2.0,1.0,16.0,4.0,96.0
182600.0,1.0,2.0,4.0,6.0,3.2,4.7,3.0,3,9.0,2.0,2.0,15.6,1.0,56.0
182600.0,1.0,2.0,4.0,6.0,3.2,4.7,3.0,3,9.0,2.0,2.0,15.6,1.0,56.0
183950.0,2.0,1.0,3.0,5.0,2.4,4.1,4.0,3,8.0,2.0,1.0,14.0,4.0,63.0
183048.0,1.0,1.0,2.0,11.0,2.8,4.7,4.0,1,12.0,2.0,4.0,14.0,1.0,70.0
187710.0,7.0,3.0,10.0,11.0,2.4,2.4,3.0,1,18.0,1.0,1.0,13.6,1.0,52.0
187000.0,1.0,1.0,2.0,12.0,2.3,4.7,4.0,3,13.0,2.0,2.0,15.6,4.0,76.0
188790.0,8.0,1.0,2.0,11.0,3.0,4.8,4.0,1,12.0,2.0,4.0,15.0,1.0,47.0
189200.0,1.0,2.0,4.0,5.0,3.2,4.4,3.0,3,9.0,2.0,1.0,15.6,3.0,90.0
191500.0,2.0,1.0,2.0,11.0,2.8,4.7,4.0,1,12.0,2.0,1.0,13.3,2.0,50.0
190460.0,1.0,2.0,4.0,5.0,2.8,4.4,3.0,3,9.0,2.0,1.0,16.0,4.0,96.0
192050.0,8.0,1.0,1.0,11.0,2.6,4.4,4.0,1,8.0,2.0,4.0,14.4,2.0,37.0
187710.0,7.0,3.0,10.0,11.0,2.4,2.4,3.0,1,18.0,1.0,1.0,13.6,1.0,52.0
195800.0,1.0,2.0,4.0,4.0,2.9,4.2,3.0,3,8.0,2.0,1.0,15.6,3.0,90.0
199100.0,7.0,2.0,2.0,12.0,3.0,4.7,2.0,1,12.0,2.0,1.0,16.0,1.0,37.0
190500.0,2.0,1.0,1.0,11.0,2.4,4.2,4.0,1,8.0,2.0,1.0,14.0,4.0,50.0
200200.0,1.0,1.0,1.0,12.0,3.3,4.4,3.0,4,12.0,2.0,2.0,15.6,3.0,76.0
204120.0,5.0,1.0,2.0,11.0,2.3,4.6,3.0,3,13.0,2.0,1.0,16.0,3.0,90.0
193000.0,2.0,1.0,2.0,11.0,2.8,4.7,4.0,1,12.0,2.0,1.0,14.0,4.0,50.0
206800.0,1.0,2.0,4.0,6.0,3.2,4.7,3.0,3,9.0,2.0,2.0,15.6,3.0,90.0
217800.0,1.0,1.0,2.0,12.0,2.3,4.7,4.0,3,13.0,2.0,2.0,15.6,3.0,76.0
229480.0,1.0,2.0,4.0,6.0,3.2,4.7,3.0,3,9.0,2.0,2.0,15.6,3.0,90.0
231690.0,4.0,1.0,2.0,12.0,3.5,4.7,1.0,5,13.0,2.0,1.0,15.6,3.0,57.0
237490.0,5.0,1.0,2.0,13.0,2.2,5.0,5.0,3,18.0,2.0,5.0,16.0,1.0,82.0
240330.0,1.0,2.0,4.0,6.0,3.2,4.7,3.0,3,9.0,2.0,2.0,17.3,3.0,90.0
241460.0,12.0,1.0,2.0,11.0,2.3,4.6,3.0,3,13.0,2.0,1.0,15.6,4.0,99.0
240870.0,12.0,1.0,2.0,12.0,2.3,2.3,1.0,5,13.0,2.0,1.0,15.6,3.0,99.0
233275.0,1.0,1.0,2.0,12.0,2.3,4.7,1.0,5,13.0,2.0,5.0,14.5,1.0,76.0
235000.0,7.0,1.0,2.0,9.0,3.0,4.4,2.0,2,13.0,2.0,1.0,14.0,1.0,70.0
246300.0,12.0,1.0,2.0,10.0,2.2,5.0,3.0,3,9.0,3.0,1.0,15.6,4.0,99.0
253000.0,1.0,2.0,8.0,6.0,2.4,4.7,3.0,3,9.0,2.0,1.0,14.0,4.0,76.0
257150.0,5.0,1.0,2.0,13.0,2.4,4.9,4.0,3,13.0,2.0,2.0,15.6,3.0,53.0
258770.0,7.0,3.0,10.0,11.0,1.9,4.2,4.0,3,8.0,2.0,1.0,14.2,1.0,10.0
258500.0,1.0,2.0,4.0,6.0,2.8,4.7,3.0,3,9.0,2.0,2.0,15.6,3.0,90.0
263550.0,5.0,1.0,2.0,13.0,2.4,4.9,4.0,3,13.0,2.0,2.0,17.3,3.0,53.0
258770.0,7.0,3.0,10.0,12.0,3.0,4.1,4.0,3,8.0,2.0,5.0,14.2,1.0,10.0
258230.0,1.0,1.0,2.0,12.0,2.3,4.7,1.0,5,13.0,2.0,5.0,14.5,4.0,76.0
266000.0,2.0,1.0,2.0,11.0,2.8,4.7,4.0,1,12.0,2.0,4.0,14.0,1.0,57.0
313500.0,6.0,1.0,2.0,12.0,2.1,4.7,5.0,3,18.0,2.0,5.0,13.4,1.0,55.0
335500.0,6.0,1.0,2.0,12.0,2.1,4.7,4.0,4,12.0,2.0,2.0,14.0,1.0,60.0
367820.0,5.0,1.0,2.0,13.0,2.4,5.0,1.0,5,13.0,2.0,2.0,17.3,4.0,65.0
375410.0,6.0,1.0,2.0,12.0,2.3,2.3,1.0,5,13.0,2.0,2.0,15.6,4.0,86.0
385000.0,7.0,3.0,10.0,11.0,2.1,4.2,5.0,3,8.0,2.0,1.0,16.2,1.0,10.0
381920.0,1.0,1.0,9.0,12.0,2.5,5.0,1.0,5,13.0,3.0,5.0,16.0,3.0,96.0
462000.0,6.0,1.0,2.0,12.0,2.3,2.3,1.0,5,13.0,2.0,2.0,17.0,3.0,97.0
836890.0,5.0,1.0,9.0,13.0,2.2,5.6,7.0,7,16.0,5.0,2.0,17.3,5.0,99.0
59400.0,2.0,1.0,3.0,11.0,3.0,4.1,2.0,2,6.0,1.0,1.0,14.0,1.0,38.0
65450.0,2.0,1.0,3.0,11.0,3.0,4.1,2.0,2,6.0,1.0,1.0,14.0,1.0,38.0
59400.0,2.0,1.0,3.0,11.0,3.0,4.1,2.0,2,6.0,1.0,1.0,14.0,1.0,38.0
69850.0,2.0,1.0,3.0,12.0,3.0,4.1,6.0,1,10.0,1.0,1.0,15.6,1.0,45.0
92400.0,2.0,1.0,1.0,12.0,3.3,4.4,4.0,4,12.0,1.0,1.0,15.6,1.0,45.0
118800.0,2.0,1.0,1.0,12.0,3.3,4.4,4.0,4,12.0,2.0,1.0,15.6,2.0,76.0
126500.0,2.0,1.0,1.0,12.0,3.3,4.4,4.0,4,12.0,2.0,1.0,14.0,1.0,52.0
154000.0,2.0,1.0,1.0,12.0,3.3,4.4,3.0,4,12.0,2.0,1.0,16.0,4.0,71.0
269500.0,2.0,1.0,2.0,12.0,3.6,4.8,1.0,5,13.0,2.0,2.0,14.0,1.0,75.0
275590.0,2.0,1.0,2.0,12.0,2.3,2.3,1.0,5,13.0,2.0,2.0,16.0,3.0,80.0
302500.0,6.0,1.0,2.0,11.0,2.3,4.6,3.0,3,13.0,2.0,1.0,15.6,4.0,86.0
295710.0,1.0,2.0,4.0,5.0,3.2,3.2,3.0,3,9.0,2.0,1.0,16.0,3.0,90.0
301130.0,7.0,1.0,2.0,3.0,3.2,4.4,5.0,1,9.0,4.0,1.0,16.0,4.0,53.0
314500.0,7.0,1.0,1.0,12.0,3.0,4.2,4.0,3,8.0,1.0,1.0,15.6,1.0,37.0
325000.0,1.0,2.0,4.0,5.0,3.3,4.6,3.0,3,9.0,3.0,1.0,16.0,3.0,90.0
335500.0,6.0,1.0,2.0,11.0,1.2,4.8,4.0,1,12.0,2.0,1.0,14.0,1.0,88.0
331510.0,2.0,2.0,4.0,11.0,2.3,4.1,3.0,3,9.0,2.0,1.0,16.0,5.0,80.0
340690.0,1.0,2.0,8.0,5.0,3.0,4.8,3.0,3,9.0,3.0,1.0,13.4,4.0,62.0
349500.0,7.0,3.0,10.0,11.0,3.0,4.7,5.0,3,8.0,2.0,3.0,14.2,1.0,10.0
358640.0,2.0,2.0,8.0,5.0,3.3,3.3,3.0,3,9.0,2.0,1.0,16.0,5.0,80.0
358640.0,1.0,2.0,4.0,5.0,3.3,4.6,3.0,3,9.0,3.0,1.0,16.0,4.0,90.0
379210.0,1.0,1.0,9.0,12.0,2.5,5.0,1.0,5,13.0,3.0,2.0,16.0,4.0,90.0
393860.0,1.0,1.0,2.0,11.0,2.3,4.6,3.0,3,13.0,3.0,1.0,16.0,3.0,90.0
422070.0,7.0,1.0,10.0,11.0,1.1,4.4,4.0,3,13.0,1.0,1.0,15.6,4.0,76.0
412500.0,7.0,3.0,10.0,12.0,2.4,4.1,4.0,2,9.0,3.0,1.0,16.2,1.0,10.0
667280.0,7.0,1.0,3.0,10.0,1.0,4.2,4.0,1,8.0,1.0,3.0,15.6,1.0,53.0
566500.0,5.0,1.0,9.0,13.0,2.2,5.6,7.0,7,16.0,3.0,2.0,16.0,4.0,99.0
246300.0,5.0,1.0,2.0,12.0,2.3,4.7,4.0,3,13.0,2.0,2.0,17.3,3.0,53.0
68300.0,5.0,1.0,3.0,11.0,3.0,4.1,2.0,2,6.0,1.0,1.0,14.0,1.0,39.0
79750.0,5.0,1.0,1.0,11.0,2.4,4.2,4.0,1,8.0,1.0,1.0,15.6,1.0,39.0
177940.0,2.0,1.0,2.0,12.0,2.3,4.7,4.0,3,13.0,2.0,1.0,16.0,4.0,71.0
275590.0,2.0,1.0,2.0,12.0,3.4,4.7,5.0,3,18.0,2.0,2.0,14.0,1.0,75.0
203980.0,2.0,1.0,2.0,12.0,3.4,4.7,5.0,3,18.0,2.0,2.0,13.3,2.0,50.0
167090.0,2.0,1.0,2.0,12.0,3.4,4.7,4.0,4,12.0,2.0,1.0,15.6,2.0,76.0
160580.0,2.0,1.0,2.0,12.0,3.4,4.7,4.0,4,12.0,2.0,1.0,14.0,1.0,52.0
269080.0,2.0,1.0,2.0,12.0,2.3,2.3,1.0,5,13.0,2.0,2.0,15.6,4.0,80.0
268860.0,2.0,1.0,2.0,12.0,2.3,2.3,1.0,5,13.0,2.0,2.0,15.6,3.0,80.0
275590.0,2.0,1.0,2.0,12.0,2.3,2.3,1.0,5,13.0,2.0,2.0,16.0,3.0,99.0
182280.0,2.0,1.0,2.0,12.0,2.3,2.3,1.0,5,13.0,2.0,2.0,14.0,2.0,61.0
99000.0,5.0,1.0,1.0,11.0,2.7,4.5,6.0,4,12.0,1.0,1.0,15.6,4.0,51.0
104160.0,2.0,1.0,1.0,11.0,2.6,4.4,4.0,1,8.0,1.0,1.0,15.6,4.0,90.0
115010.0,7.0,3.0,10.0,10.0,2.0,2.0,3.0,1,9.0,1.0,1.0,13.3,1.0,49.0
48830.0,4.0,1.0,3.0,11.0,1.7,4.1,2.0,2,6.0,4.0,1.0,15.6,1.0,36.0
49910.0,3.0,1.0,7.0,12.0,1.1,2.8,2.0,2,4.0,4.0,1.0,15.6,1.0,41.0
49910.0,4.0,1.0,3.0,11.0,3.0,4.1,2.0,2,6.0,4.0,1.0,15.6,1.0,36.0
51320.0,2.0,1.0,3.0,10.0,1.2,3.4,2.0,2,4.0,4.0,1.0,15.6,1.0,35.0
55340.0,3.0,2.0,11.0,12.0,2.3,3.2,2.0,2,5.0,1.0,1.0,15.6,1.0,90.0
55660.0,2.0,2.0,6.0,12.0,2.6,3.5,2.0,2,5.0,1.0,1.0,15.6,1.0,42.0
57290.0,6.0,2.0,6.0,12.0,2.6,3.5,2.0,2,5.0,1.0,1.0,15.6,1.0,41.0
62170.0,6.0,1.0,3.0,11.0,2.6,4.1,2.0,2,6.0,1.0,1.0,15.6,1.0,41.0
62710.0,6.0,1.0,3.0,11.0,2.6,4.1,2.0,2,6.0,1.0,1.0,15.6,1.0,41.0
65640.0,3.0,2.0,6.0,12.0,2.6,3.8,4.0,1,4.0,1.0,1.0,15.6,1.0,41.0
66730.0,3.0,1.0,3.0,12.0,2.6,4.4,6.0,1,10.0,4.0,1.0,15.6,1.0,37.0
67600.0,4.0,1.0,1.0,11.0,2.4,4.2,4.0,1,8.0,1.0,1.0,15.6,1.0,36.0
69440.0,4.0,1.0,1.0,11.0,2.4,4.2,4.0,1,8.0,1.0,1.0,15.6,1.0,36.0
69980.0,4.0,1.0,1.0,11.0,2.4,4.2,4.0,1,8.0,1.0,1.0,15.6,1.0,36.0
69980.0,3.0,1.0,3.0,12.0,2.4,4.4,6.0,1,10.0,1.0,1.0,15.6,1.0,41.0
93530.0,6.0,1.0,1.0,11.0,2.4,4.2,4.0,1,8.0,1.0,1.0,15.6,2.0,41.0
49910.0,3.0,1.0,7.0,12.0,1.1,4.0,2.0,2,4.0,4.0,1.0,15.6,1.0,36.0
32010.0,6.0,1.0,7.0,12.0,1.9,3.8,2.0,2,2.0,4.0,1.0,14.0,1.0,45.0
33420.0,6.0,1.0,7.0,12.0,1.9,3.6,2.0,2,2.0,4.0,1.0,14.0,1.0,45.0
38300.0,2.0,1.0,7.0,12.0,1.1,2.8,2.0,2,4.0,4.0,1.0,15.6,1.0,35.0
38300.0,2.0,1.0,7.0,12.0,1.1,2.8,2.0,2,4.0,4.0,1.0,15.6,1.0,35.0
38630.0,2.0,1.0,7.0,12.0,1.1,2.8,2.0,2,4.0,4.0,1.0,10.1,1.0,39.0
38520.0,2.0,1.0,7.0,12.0,1.1,2.8,2.0,2,4.0,4.0,1.0,15.6,1.0,35.0
38840.0,2.0,1.0,7.0,12.0,1.1,2.8,2.0,2,4.0,4.0,1.0,15.6,1.0,35.0
39390.0,2.0,1.0,7.0,12.0,1.1,2.8,2.0,2,4.0,4.0,1.0,14.0,1.0,37.0
39390.0,2.0,1.0,7.0,12.0,1.1,2.8,2.0,2,4.0,4.0,1.0,15.6,1.0,90.0
42100.0,1.0,1.0,7.0,12.0,1.1,2.8,2.0,2,4.0,4.0,1.0,15.6,1.0,37.0
43080.0,6.0,1.0,7.0,12.0,1.1,2.8,2.0,2,4.0,4.0,1.0,15.6,1.0,37.0
43400.0,1.0,1.0,7.0,12.0,1.1,2.8,2.0,2,4.0,4.0,1.0,15.6,1.0,37.0
44270.0,1.0,1.0,7.0,12.0,1.1,2.8,2.0,2,4.0,4.0,1.0,14.0,1.0,37.0
44270.0,1.0,1.0,7.0,12.0,1.1,2.8,2.0,2,4.0,4.0,1.0,15.6,1.0,41.0
44270.0,1.0,1.0,7.0,12.0,1.1,2.8,2.0,2,4.0,4.0,1.0,15.6,1.0,37.0
44700.0,3.0,1.0,7.0,12.0,1.1,2.8,2.0,2,4.0,4.0,1.0,15.6,1.0,37.0
44810.0,6.0,1.0,7.0,12.0,1.1,3.1,4.0,2,4.0,4.0,1.0,15.6,1.0,36.0
44490.0,1.0,1.0,7.0,12.0,1.1,3.4,2.0,2,4.0,4.0,1.0,15.6,1.0,42.0
46220.0,4.0,2.0,6.0,12.0,2.6,3.5,2.0,2,5.0,4.0,1.0,14.0,1.0,42.0
48610.0,6.0,1.0,3.0,11.0,3.0,4.1,2.0,2,6.0,4.0,1.0,14.0,1.0,45.0
48280.0,1.0,1.0,7.0,12.0,1.1,2.8,2.0,2,4.0,4.0,1.0,15.6,1.0,63.0
48720.0,6.0,1.0,3.0,10.0,2.1,4.1,2.0,2,4.0,1.0,1.0,14.0,1.0,37.0
48830.0,4.0,2.0,6.0,12.0,2.6,3.5,2.0,2,4.0,1.0,1.0,15.6,1.0,37.0
50240.0,1.0,1.0,3.0,10.0,2.1,4.1,2.0,2,4.0,4.0,1.0,15.6,1.0,37.0
50240.0,1.0,1.0,3.0,10.0,2.1,4.1,2.0,2,4.0,4.0,1.0,15.6,1.0,37.0
50240.0,1.0,1.0,3.0,10.0,2.1,4.1,2.0,2,4.0,4.0,1.0,14.0,1.0,37.0
50240.0,1.0,1.0,3.0,10.0,2.1,4.1,2.0,2,4.0,4.0,1.0,14.0,1.0,37.0
50780.0,1.0,1.0,3.0,10.0,2.1,4.1,2.0,2,4.0,4.0,1.0,15.6,1.0,42.0
50780.0,1.0,1.0,3.0,10.0,1.2,3.4,2.0,2,4.0,4.0,1.0,15.6,1.0,42.0
51320.0,1.0,1.0,7.0,12.0,1.1,2.8,2.0,2,4.0,4.0,1.0,11.6,1.0,36.0
51760.0,6.0,1.0,3.0,11.0,3.0,4.1,2.0,2,6.0,4.0,1.0,14.0,1.0,36.0
51760.0,6.0,1.0,3.0,11.0,3.0,4.1,2.0,2,6.0,1.0,1.0,14.0,1.0,37.0
52950.0,4.0,1.0,3.0,11.0,3.0,4.1,2.0,2,6.0,1.0,1.0,15.6,1.0,41.0
53170.0,4.0,1.0,3.0,11.0,1.7,4.1,2.0,2,6.0,1.0,1.0,15.6,1.0,41.0
54470.0,1.0,2.0,6.0,12.0,2.6,3.5,2.0,2,5.0,4.0,1.0,14.0,1.0,62.0
55010.0,6.0,1.0,3.0,11.0,2.6,4.1,2.0,2,6.0,4.0,1.0,15.6,1.0,37.0
56420.0,6.0,1.0,3.0,11.0,2.6,4.1,2.0,2,6.0,4.0,1.0,15.6,1.0,37.0
56100.0,1.0,1.0,3.0,11.0,2.6,4.1,2.0,2,6.0,4.0,1.0,15.6,1.0,37.0
56200.0,1.0,2.0,6.0,12.0,2.6,3.5,2.0,2,4.0,4.0,1.0,15.6,1.0,38.0
56200.0,1.0,1.0,3.0,11.0,2.6,4.1,2.0,2,6.0,4.0,1.0,15.6,1.0,38.0
55880.0,1.0,1.0,3.0,11.0,2.6,4.1,2.0,2,6.0,4.0,1.0,15.6,1.0,38.0
56640.0,2.0,1.0,3.0,11.0,3.0,4.1,2.0,2,6.0,4.0,1.0,15.6,1.0,37.0
56420.0,2.0,1.0,3.0,11.0,3.0,4.1,2.0,2,6.0,4.0,1.0,15.6,1.0,37.0
57830.0,2.0,1.0,3.0,11.0,3.0,4.1,2.0,2,6.0,4.0,1.0,15.6,1.0,38.0
59460.0,1.0,2.0,6.0,12.0,2.6,3.5,2.0,2,5.0,4.0,1.0,15.6,1.0,38.0
59460.0,1.0,1.0,3.0,11.0,2.6,4.1,2.0,2,6.0,4.0,1.0,14.0,1.0,38.0
60220.0,2.0,1.0,3.0,11.0,2.6,4.1,2.0,2,6.0,1.0,1.0,15.6,1.0,38.0
60000.0,2.0,1.0,3.0,11.0,2.6,4.1,2.0,2,6.0,1.0,1.0,14.0,1.0,48.0
61410.0,2.0,1.0,3.0,11.0,2.6,4.1,2.0,2,6.0,1.0,1.0,14.0,1.0,48.0
61520.0,4.0,1.0,3.0,11.0,2.6,4.1,2.0,2,6.0,4.0,1.0,14.0,1.0,37.0
61630.0,1.0,1.0,3.0,10.0,2.1,4.1,2.0,2,4.0,4.0,1.0,14.0,1.0,37.0
61630.0,1.0,1.0,3.0,11.0,2.1,4.1,2.0,2,6.0,4.0,1.0,14.0,1.0,37.0
61630.0,1.0,1.0,3.0,11.0,3.0,4.1,2.0,2,6.0,4.0,1.0,15.6,1.0,41.0
62390.0,1.0,1.0,3.0,11.0,3.0,4.1,2.0,2,6.0,4.0,1.0,15.6,1.0,41.0
63260.0,3.0,1.0,3.0,11.0,3.0,4.1,4.0,1,8.0,1.0,1.0,15.6,1.0,41.0
63690.0,6.0,2.0,6.0,12.0,2.7,4.1,4.0,1,8.0,1.0,1.0,15.6,1.0,41.0
63800.0,3.0,1.0,3.0,11.0,3.0,4.1,2.0,2,6.0,1.0,1.0,14.0,1.0,45.0
64020.0,3.0,1.0,3.0,11.0,2.0,3.7,4.0,1,8.0,1.0,1.0,15.6,1.0,41.0
64670.0,3.0,1.0,3.0,11.0,2.0,3.7,4.0,1,8.0,1.0,1.0,15.6,1.0,37.0
64670.0,3.0,1.0,3.0,11.0,2.0,4.1,2.0,2,6.0,1.0,1.0,15.6,1.0,41.0
64880.0,1.0,1.0,3.0,11.0,2.0,4.1,2.0,2,6.0,4.0,1.0,14.0,1.0,42.0
64560.0,1.0,1.0,1.0,10.0,1.0,3.6,4.0,1,6.0,4.0,1.0,15.6,1.0,40.0
64880.0,2.0,2.0,5.0,12.0,2.8,4.3,4.0,1,6.0,1.0,2.0,14.0,1.0,42.0
64880.0,4.0,1.0,3.0,12.0,2.8,3.8,3.0,1,6.0,1.0,5.0,15.6,1.0,42.0
65100.0,10.0,1.0,3.0,11.0,3.0,4.1,2.0,2,6.0,1.0,1.0,15.6,1.0,37.0
65100.0,10.0,1.0,3.0,11.0,3.0,4.1,2.0,2,6.0,1.0,4.0,15.6,1.0,45.0
65640.0,1.0,1.0,3.0,11.0,3.0,4.1,2.0,2,6.0,1.0,1.0,15.6,1.0,39.0
65970.0,2.0,1.0,3.0,11.0,3.0,4.1,2.0,2,6.0,1.0,1.0,15.6,1.0,45.0
65970.0,2.0,1.0,3.0,11.0,3.0,4.1,2.0,2,6.0,1.0,1.0,14.0,1.0,42.0
67050.0,1.0,1.0,3.0,11.0,3.0,4.1,2.0,2,6.0,4.0,1.0,14.0,1.0,42.0
67050.0,1.0,1.0,3.0,11.0,3.0,4.1,2.0,2,6.0,4.0,1.0,15.6,1.0,52.5
67810.0,1.0,1.0,1.0,10.0,3.6,3.6,4.0,1,6.0,1.0,1.0,15.6,1.0,37.0
67810.0,1.0,1.0,3.0,11.0,3.6,4.1,2.0,2,6.0,1.0,1.0,15.6,1.0,37.0
67810.0,1.0,1.0,3.0,11.0,3.6,4.1,2.0,2,6.0,1.0,1.0,15.6,1.0,37.0
67810.0,1.0,1.0,3.0,11.0,3.6,4.1,2.0,2,6.0,1.0,1.0,14.0,1.0,45.0
68030.0,2.0,1.0,3.0,11.0,3.6,4.1,2.0,2,6.0,4.0,1.0,14.0,1.0,40.0
68140.0,1.0,1.0,1.0,10.0,3.6,3.6,4.0,1,6.0,1.0,1.0,15.6,1.0,40.0
68140.0,4.0,1.0,3.0,12.0,3.6,4.4,6.0,1,10.0,1.0,1.0,15.6,1.0,42.0
68900.0,3.0,1.0,3.0,12.0,3.6,4.4,6.0,1,10.0,1.0,1.0,15.6,1.0,42.0
69220.0,1.0,1.0,3.0,11.0,3.6,4.1,2.0,2,6.0,4.0,1.0,14.0,1.0,42.0
69220.0,1.0,1.0,3.0,11.0,3.0,4.1,2.0,2,6.0,4.0,1.0,15.6,1.0,42.0
69440.0,6.0,1.0,1.0,11.0,2.4,4.2,4.0,1,8.0,4.0,1.0,14.0,1.0,45.0
70310.0,2.0,1.0,3.0,12.0,2.4,4.4,6.0,1,10.0,1.0,1.0,15.6,1.0,45.0
70310.0,2.0,1.0,3.0,12.0,2.4,4.4,6.0,1,10.0,1.0,1.0,15.6,1.0,42.0
71390.0,1.0,1.0,3.0,11.0,2.4,4.1,2.0,2,6.0,4.0,1.0,15.6,1.0,41.0
71940.0,6.0,1.0,3.0,12.0,1.2,4.4,6.0,1,10.0,1.0,1.0,15.6,1.0,41.0
71940.0,6.0,1.0,3.0,12.0,1.2,4.4,6.0,1,10.0,1.0,1.0,15.6,1.0,48.0
72700.0,4.0,1.0,1.0,11.0,2.4,4.2,4.0,1,8.0,1.0,1.0,14.0,1.0,37.0
73780.0,1.0,1.0,1.0,11.0,2.4,4.2,4.0,1,8.0,4.0,1.0,15.6,1.0,40.0
73560.0,4.0,2.0,5.0,5.0,2.8,4.3,4.0,1,6.0,1.0,2.0,15.6,1.0,42.0
74000.0,1.0,1.0,3.0,11.0,2.8,4.1,2.0,2,6.0,4.0,1.0,15.6,1.0,42.0
74540.0,1.0,1.0,3.0,12.0,2.8,4.4,4.0,4,12.0,4.0,1.0,14.0,1.0,37.0
74650.0,1.0,1.0,1.0,11.0,2.4,4.2,4.0,1,8.0,4.0,1.0,15.6,1.0,45.0
75190.0,3.0,2.0,6.0,12.0,2.6,4.0,4.0,1,10.0,1.0,1.0,14.0,1.0,45.0
75190.0,3.0,1.0,3.0,11.0,3.0,4.1,2.0,2,6.0,1.0,1.0,15.6,1.0,45.0
75190.0,3.0,1.0,3.0,11.0,3.0,4.1,2.0,2,6.0,1.0,1.0,15.6,1.0,42.0
75410.0,1.0,1.0,3.0,11.0,3.0,4.1,2.0,2,6.0,1.0,1.0,15.6,1.0,42.0
75410.0,1.0,1.0,3.0,11.0,3.0,4.1,2.0,2,6.0,1.0,1.0,15.6,1.0,42.0
75410.0,1.0,1.0,3.0,12.0,1.1,4.4,4.0,4,12.0,4.0,1.0,15.6,1.0,42.0
75410.0,1.0,1.0,3.0,12.0,1.1,4.4,4.0,4,12.0,4.0,1.0,15.6,1.0,45.0
75630.0,2.0,1.0,3.0,11.0,3.0,4.1,2.0,2,6.0,1.0,1.0,14.0,1.0,37.0
75950.0,1.0,1.0,1.0,11.0,2.4,4.2,4.0,1,8.0,4.0,1.0,15.6,1.0,41.0
77360.0,6.0,2.0,5.0,12.0,2.3,4.3,6.0,4,9.0,1.0,1.0,15.6,1.0,48.0
78990.0,1.0,1.0,1.0,10.0,1.6,4.2,4.0,1,6.0,4.0,1.0,14.0,1.0,41.0
79210.0,3.0,2.0,5.0,12.0,2.3,4.3,6.0,4,17.0,1.0,1.0,15.6,1.0,54.0
79210.0,13.0,1.0,1.0,11.0,2.4,4.2,4.0,1,8.0,1.0,4.0,14.0,1.0,54.0
79210.0,13.0,1.0,1.0,11.0,2.4,4.2,4.0,1,8.0,1.0,4.0,14.0,1.0,45.0
80070.0,2.0,1.0,1.0,11.0,2.4,4.2,4.0,1,8.0,1.0,1.0,15.6,1.0,41.0
80620.0,3.0,1.0,1.0,11.0,2.4,4.2,4.0,1,8.0,1.0,1.0,14.0,1.0,38.0
80510.0,2.0,1.0,1.0,11.0,2.4,4.2,4.0,1,8.0,1.0,1.0,15.6,1.0,45.0
80620.0,2.0,1.0,1.0,11.0,2.4,4.2,4.0,1,8.0,1.0,1.0,14.0,1.0,37.0
81160.0,1.0,1.0,1.0,11.0,2.4,4.2,4.0,1,8.0,1.0,1.0,15.6,1.0,48.0
81590.0,1.0,1.0,1.0,11.0,2.4,4.2,4.0,1,8.0,1.0,1.0,15.6,1.0,45.0
81700.0,2.0,1.0,1.0,12.0,2.4,4.4,4.0,4,12.0,1.0,1.0,14.0,1.0,41.0
81920.0,3.0,1.0,1.0,11.0,2.4,4.2,4.0,1,8.0,1.0,1.0,15.6,1.0,42.0
82240.0,10.0,1.0,1.0,11.0,2.4,4.2,4.0,1,8.0,1.0,1.0,15.6,1.0,56.0
82240.0,10.0,1.0,1.0,11.0,2.4,4.2,4.0,1,8.0,1.0,1.0,14.0,1.0,42.0
82240.0,10.0,1.0,1.0,11.0,2.4,4.2,4.0,1,8.0,1.0,1.0,15.6,1.0,45.0
83550.0,2.0,1.0,1.0,11.0,2.4,4.2,4.0,1,8.0,1.0,1.0,15.6,2.0,37.0
83760.0,1.0,1.0,1.0,11.0,2.4,4.2,4.0,1,8.0,1.0,1.0,14.0,1.0,45.0
84960.0,2.0,1.0,1.0,11.0,2.4,4.2,4.0,1,8.0,1.0,1.0,14.0,1.0,42.0
85500.0,1.0,1.0,1.0,11.0,2.4,4.2,4.0,1,8.0,4.0,1.0,14.0,1.0,40.0
85500.0,4.0,1.0,1.0,12.0,2.4,4.4,4.0,4,12.0,1.0,1.0,15.6,1.0,45.0
86040.0,2.0,1.0,1.0,11.0,2.4,4.2,4.0,1,8.0,1.0,1.0,15.6,2.0,50.0
86580.0,1.0,1.0,1.0,11.0,2.4,4.2,4.0,1,8.0,1.0,1.0,14.0,1.0,42.0
87670.0,3.0,1.0,1.0,12.0,2.4,4.4,4.0,4,12.0,1.0,1.0,15.6,1.0,41.0
88210.0,6.0,1.0,1.0,12.0,2.4,4.4,4.0,4,12.0,1.0,1.0,15.6,1.0,41.0
88210.0,6.0,1.0,1.0,12.0,2.4,4.4,4.0,4,12.0,1.0,1.0,15.6,1.0,41.0
88970.0,5.0,1.0,1.0,12.0,2.4,4.4,4.0,4,12.0,1.0,1.0,14.0,1.0,39.0
89840.0,5.0,2.0,4.0,12.0,1.8,4.3,3.0,3,12.0,1.0,1.0,15.6,1.0,52.0
89840.0,6.0,1.0,2.0,11.0,2.8,4.7,4.0,1,12.0,1.0,1.0,14.0,2.0,42.0
90060.0,2.0,1.0,1.0,11.0,2.4,4.2,4.0,1,8.0,1.0,1.0,14.0,2.0,56.0
90270.0,2.0,1.0,1.0,11.0,2.4,4.2,4.0,1,8.0,1.0,1.0,14.0,1.0,45.0
90380.0,1.0,1.0,1.0,11.0,2.4,4.2,4.0,1,8.0,4.0,1.0,14.0,1.0,42.0
91140.0,6.0,1.0,1.0,11.0,2.4,4.5,4.0,1,8.0,1.0,1.0,15.6,1.0,54.0
91470.0,2.0,1.0,1.0,12.0,2.4,4.4,4.0,4,12.0,1.0,1.0,15.6,1.0,45.0
91680.0,4.0,1.0,2.0,11.0,2.8,4.7,4.0,1,12.0,1.0,1.0,14.0,1.0,48.0
92770.0,3.0,1.0,1.0,11.0,2.4,4.2,4.0,1,8.0,1.0,1.0,14.0,1.0,45.0
92770.0,1.0,1.0,1.0,12.0,1.7,4.4,5.0,3,12.0,1.0,1.0,14.0,1.0,42.0
92770.0,1.0,1.0,1.0,12.0,1.7,4.4,5.0,3,12.0,1.0,1.0,15.6,1.0,42.0
93090.0,4.0,2.0,5.0,12.0,2.1,4.0,6.0,4,11.0,1.0,1.0,15.6,4.0,48.0
93090.0,2.0,1.0,1.0,12.0,3.3,4.4,4.0,4,12.0,1.0,1.0,15.6,1.0,45.0
93640.0,1.0,1.0,1.0,11.0,2.4,4.2,4.0,1,8.0,1.0,1.0,15.6,1.0,42.0
93850.0,5.0,1.0,2.0,12.0,2.4,4.7,4.0,4,12.0,1.0,1.0,15.6,1.0,39.0
94940.0,2.0,2.0,5.0,12.0,2.1,4.0,6.0,4,11.0,1.0,1.0,14.0,1.0,52.0
94940.0,1.0,1.0,1.0,12.0,1.7,4.4,5.0,3,12.0,1.0,1.0,14.0,1.0,42.0
94940.0,1.0,1.0,1.0,12.0,1.7,4.4,5.0,3,12.0,1.0,1.0,15.6,1.0,42.0
95260.0,1.0,1.0,1.0,12.0,1.3,4.4,4.0,4,12.0,1.0,1.0,14.0,1.0,42.0
95810.0,1.0,1.0,1.0,10.0,2.4,4.2,4.0,1,8.0,1.0,1.0,14.0,1.0,50.0
95810.0,1.0,1.0,1.0,11.0,2.4,4.2,4.0,1,8.0,1.0,1.0,14.0,1.0,42.0
97330.0,2.0,1.0,1.0,11.0,2.4,4.2,4.0,1,8.0,1.0,1.0,14.0,1.0,45.0
97430.0,1.0,2.0,5.0,12.0,3.0,4.0,6.0,4,11.0,1.0,1.0,15.6,4.0,48.0
97430.0,1.0,1.0,1.0,11.0,2.4,4.2,4.0,1,8.0,1.0,1.0,13.3,1.0,33.0
97430.0,5.0,1.0,2.0,11.0,2.4,5.0,4.0,1,12.0,1.0,1.0,15.6,1.0,53.0
98080.0,5.0,1.0,1.0,11.0,2.7,4.5,6.0,4,12.0,1.0,1.0,15.6,4.0,51.0
98300.0,2.0,1.0,1.0,11.0,2.4,4.2,4.0,1,8.0,1.0,1.0,15.6,1.0,45.0
98520.0,1.0,1.0,1.0,11.0,2.4,4.2,4.0,1,8.0,1.0,1.0,14.0,1.0,50.0
98520.0,1.0,1.0,1.0,12.0,1.3,4.4,4.0,4,12.0,1.0,1.0,14.0,1.0,42.0
98520.0,3.0,1.0,1.0,12.0,1.3,4.4,4.0,4,12.0,1.0,1.0,14.0,1.0,51.0
98520.0,3.0,1.0,1.0,12.0,1.3,4.4,4.0,4,12.0,1.0,1.0,15.6,1.0,51.0
98740.0,1.0,1.0,1.0,10.0,2.5,4.5,4.0,1,8.0,1.0,1.0,15.6,4.0,48.0
99600.0,1.0,1.0,1.0,11.0,2.4,4.2,4.0,1,8.0,1.0,1.0,15.6,2.0,42.0
100360.0,1.0,1.0,1.0,11.0,2.4,4.2,4.0,1,8.0,1.0,1.0,15.6,2.0,42.0
100690.0,3.0,1.0,1.0,12.0,4.4,4.4,5.0,3,12.0,1.0,1.0,15.6,1.0,41.0
100690.0,3.0,1.0,1.0,12.0,4.4,4.4,5.0,3,12.0,1.0,1.0,15.6,1.0,41.0
101230.0,6.0,1.0,2.0,12.0,4.4,4.7,4.0,4,12.0,1.0,1.0,15.6,1.0,37.0
101770.0,4.0,2.0,5.0,11.0,2.0,4.5,6.0,4,17.0,1.0,1.0,14.0,1.0,48.0
102530.0,1.0,1.0,1.0,11.0,2.4,4.2,4.0,1,8.0,1.0,1.0,15.6,2.0,50.0
102860.0,1.0,1.0,1.0,11.0,2.4,4.2,4.0,1,8.0,1.0,1.0,13.3,1.0,66.0
103940.0,1.0,1.0,2.0,11.0,2.8,4.7,4.0,1,12.0,1.0,1.0,15.6,1.0,37.0
104160.0,2.0,1.0,1.0,11.0,2.8,4.4,4.0,1,8.0,1.0,1.0,15.6,4.0,45.0
104700.0,1.0,1.0,1.0,11.0,2.4,4.2,4.0,1,8.0,1.0,1.0,15.6,1.0,42.0
104700.0,1.0,1.0,1.0,11.0,2.4,4.2,4.0,1,8.0,1.0,1.0,15.6,1.0,42.0
104920.0,2.0,1.0,1.0,11.0,2.4,4.2,4.0,1,8.0,1.0,1.0,14.0,1.0,52.0
105790.0,4.0,1.0,1.0,12.0,2.4,4.4,5.0,3,12.0,1.0,1.0,15.6,4.0,50.0
106870.0,1.0,2.0,5.0,12.0,2.1,4.0,6.0,4,11.0,1.0,4.0,14.0,1.0,67.0
107200.0,1.0,1.0,1.0,12.0,2.8,4.7,5.0,3,12.0,1.0,1.0,14.0,1.0,48.0
107630.0,1.0,1.0,1.0,11.0,2.4,4.2,4.0,1,8.0,1.0,1.0,15.6,2.0,42.0
107630.0,1.0,1.0,1.0,11.0,2.4,4.2,4.0,1,8.0,1.0,1.0,15.6,2.0,42.0
107630.0,1.0,1.0,1.0,11.0,2.4,4.2,4.0,1,8.0,1.0,1.0,15.6,2.0,42.0
107740.0,2.0,1.0,2.0,11.0,2.8,4.7,4.0,1,12.0,1.0,1.0,14.0,1.0,45.0
107740.0,2.0,1.0,2.0,11.0,2.8,4.7,4.0,1,12.0,1.0,1.0,15.6,1.0,45.0
107960.0,1.0,1.0,1.0,11.0,2.4,4.2,4.0,1,8.0,1.0,1.0,15.6,2.0,42.0
108280.0,1.0,1.0,1.0,11.0,2.4,4.2,4.0,1,8.0,1.0,1.0,14.0,1.0,50.0
109590.0,4.0,1.0,1.0,12.0,3.3,4.4,5.0,3,12.0,1.0,1.0,15.6,4.0,50.0
110130.0,6.0,1.0,2.0,11.0,2.8,4.7,4.0,1,12.0,1.0,1.0,14.0,1.0,42.0
109590.0,1.0,1.0,1.0,11.0,2.4,4.2,4.0,1,8.0,1.0,1.0,15.6,2.0,52.0
110130.0,2.0,2.0,4.0,12.0,1.8,4.3,3.0,3,11.0,2.0,1.0,14.0,1.0,42.0
109040.0,1.0,1.0,1.0,11.0,2.4,4.2,4.0,1,8.0,1.0,1.0,15.6,2.0,50.0
110670.0,1.0,1.0,1.0,11.0,2.4,4.2,4.0,1,8.0,1.0,1.0,15.6,2.0,42.0
110670.0,1.0,1.0,1.0,11.0,2.4,4.2,4.0,1,8.0,1.0,1.0,15.6,2.0,42.0
111540.0,1.0,2.0,5.0,12.0,2.3,4.3,6.0,4,9.0,1.0,1.0,14.0,1.0,48.0
111540.0,4.0,1.0,1.0,12.0,2.3,4.4,5.0,3,12.0,2.0,1.0,15.6,4.0,50.0
111760.0,2.0,2.0,4.0,12.0,1.9,4.4,3.0,3,17.0,2.0,1.0,14.0,1.0,56.0
112840.0,8.0,1.0,3.0,10.0,1.3,3.9,2.0,2,4.0,1.0,1.0,10.5,1.0,51.0
115010.0,7.0,3.0,10.0,12.0,1.3,3.4,3.0,1,3.0,1.0,1.0,13.3,1.0,49.0
115010.0,7.0,3.0,10.0,12.0,1.3,4.4,3.0,1,3.0,1.0,1.0,13.3,1.0,49.0
115880.0,1.0,1.0,2.0,11.0,2.8,4.7,4.0,1,12.0,1.0,1.0,15.6,1.0,42.0
118050.0,12.0,1.0,1.0,11.0,2.8,4.5,6.0,4,12.0,2.0,1.0,15.6,4.0,48.0
118050.0,2.0,1.0,1.0,11.0,2.4,4.2,4.0,1,8.0,1.0,1.0,14.0,1.0,45.0
118810.0,2.0,1.0,1.0,11.0,3.1,4.4,4.0,1,8.0,1.0,1.0,15.6,4.0,45.0
118810.0,1.0,1.0,2.0,11.0,2.8,4.7,4.0,1,12.0,2.0,1.0,14.0,1.0,50.0
119130.0,4.0,1.0,1.0,12.0,2.8,4.4,5.0,3,12.0,2.0,4.0,14.0,1.0,56.0
119890.0,2.0,1.0,1.0,12.0,3.3,4.4,4.0,4,12.0,2.0,1.0,15.6,2.0,76.0
120440.0,4.0,1.0,1.0,12.0,3.3,4.4,5.0,3,12.0,1.0,1.0,15.6,4.0,50.0
120440.0,1.0,1.0,2.0,11.0,2.8,4.7,4.0,1,12.0,1.0,1.0,15.6,2.0,42.0
119350.0,1.0,1.0,2.0,11.0,2.8,4.7,4.0,1,12.0,1.0,1.0,15.6,2.0,42.0
122060.0,5.0,1.0,1.0,11.0,2.8,4.5,6.0,4,12.0,1.0,1.0,15.6,4.0,51.0
122390.0,1.0,1.0,1.0,11.0,2.8,4.5,4.0,1,8.0,1.0,1.0,14.0,1.0,63.0
122390.0,1.0,1.0,1.0,11.0,2.4,4.2,4.0,1,8.0,1.0,1.0,13.3,1.0,66.0
122390.0,1.0,1.0,2.0,11.0,2.8,4.7,4.0,1,12.0,2.0,1.0,14.0,1.0,50.0
122610.0,1.0,1.0,2.0,11.0,2.8,4.8,4.0,1,12.0,1.0,1.0,15.6,1.0,63.0
120440.0,1.0,1.0,1.0,11.0,2.4,4.2,4.0,1,8.0,1.0,4.0,14.0,1.0,63.0
124230.0,1.0,1.0,2.0,11.0,2.8,4.7,4.0,1,12.0,2.0,1.0,14.0,2.0,42.0
124230.0,1.0,1.0,2.0,11.0,2.8,4.7,4.0,1,12.0,2.0,1.0,14.0,2.0,42.0
124230.0,1.0,1.0,2.0,11.0,2.8,4.7,4.0,1,12.0,2.0,1.0,14.0,1.0,63.0
126950.0,1.0,1.0,2.0,11.0,2.8,4.7,4.0,1,12.0,1.0,1.0,15.6,2.0,42.0
126950.0,1.0,2.0,5.0,12.0,3.0,4.0,6.0,4,11.0,1.0,1.0,15.6,4.0,48.0
126950.0,1.0,1.0,1.0,11.0,3.1,4.4,4.0,1,8.0,2.0,1.0,15.6,4.0,50.0
126950.0,1.0,1.0,2.0,11.0,2.8,4.7,4.0,1,12.0,1.0,1.0,15.6,2.0,42.0
129120.0,5.0,1.0,1.0,12.0,2.8,4.4,3.0,4,12.0,1.0,1.0,15.6,4.0,53.0
130740.0,2.0,1.0,1.0,11.0,2.8,4.4,4.0,1,8.0,2.0,1.0,16.0,2.0,39.0
130740.0,1.0,2.0,5.0,12.0,3.0,4.0,6.0,4,11.0,1.0,1.0,17.3,4.0,48.0
131290.0,4.0,1.0,1.0,12.0,2.5,4.5,5.0,3,18.0,1.0,1.0,15.6,4.0,57.0
132370.0,5.0,1.0,2.0,11.0,2.5,4.6,3.0,3,13.0,1.0,1.0,15.6,4.0,52.0
135080.0,6.0,1.0,1.0,12.0,2.5,4.4,4.0,4,12.0,1.0,1.0,14.0,1.0,54.0
136490.0,1.0,1.0,2.0,11.0,2.8,4.7,4.0,1,12.0,2.0,1.0,13.3,1.0,66.0
138340.0,1.0,2.0,4.0,12.0,2.9,4.2,3.0,3,12.0,2.0,1.0,15.6,4.0,48.0
138880.0,8.0,1.0,1.0,11.0,2.4,4.2,4.0,1,8.0,1.0,4.0,13.0,1.0,50.0
139970.0,3.0,2.0,5.0,5.0,3.3,4.2,6.0,4,17.0,1.0,1.0,16.1,1.0,70.0
138880.0,1.0,2.0,5.0,12.0,2.3,4.3,6.0,4,9.0,2.0,4.0,14.0,1.0,75.0
144090.0,1.0,1.0,2.0,12.0,1.7,4.7,4.0,4,12.0,2.0,2.0,13.3,1.0,66.0
143220.0,8.0,1.0,1.0,12.0,4.4,3.8,4.0,4,12.0,1.0,6.0,13.5,1.0,45.0
144310.0,1.0,1.0,1.0,11.0,4.4,4.5,6.0,4,12.0,1.0,1.0,15.6,4.0,48.0
144310.0,1.0,2.0,4.0,12.0,2.9,4.2,3.0,3,12.0,2.0,1.0,17.3,4.0,48.0
144310.0,1.0,2.0,5.0,12.0,3.3,4.2,6.0,4,17.0,2.0,1.0,15.6,4.0,50.0
144310.0,1.0,1.0,1.0,11.0,2.4,4.2,4.0,1,8.0,1.0,4.0,14.0,1.0,63.0
145930.0,2.0,1.0,2.0,11.0,3.3,4.8,4.0,1,12.0,2.0,1.0,15.6,4.0,45.0
148100.0,8.0,1.0,1.0,11.0,2.4,4.2,4.0,1,8.0,1.0,1.0,13.5,1.0,45.0
150600.0,8.0,5.0,1.0,12.0,2.4,4.8,2.0,1,8.0,1.0,4.0,13.0,1.0,47.0
149730.0,1.0,2.0,4.0,12.0,2.0,4.5,3.0,3,18.0,2.0,4.0,14.0,1.0,75.0
151360.0,2.0,1.0,2.0,11.0,2.8,4.7,4.0,1,12.0,2.0,1.0,14.0,1.0,56.0
152770.0,1.0,1.0,2.0,12.0,1.7,4.7,4.0,4,12.0,2.0,2.0,13.3,1.0,66.0
153530.0,4.0,2.0,4.0,12.0,3.2,4.4,3.0,3,9.0,2.0,1.0,15.6,4.0,57.0
152990.0,7.0,3.0,10.0,12.0,3.2,4.1,3.0,1,3.0,1.0,1.0,13.6,1.0,52.0
152990.0,7.0,3.0,10.0,12.0,3.2,3.8,3.0,1,3.0,1.0,1.0,13.6,1.0,52.0
155700.0,1.0,2.0,4.0,12.0,2.9,4.2,3.0,3,12.0,1.0,1.0,15.6,4.0,56.0
155700.0,4.0,2.0,5.0,12.0,3.3,4.5,6.0,4,9.0,1.0,2.0,15.6,4.0,57.0
155160.0,2.0,1.0,2.0,11.0,2.8,4.7,4.0,1,12.0,2.0,1.0,14.0,2.0,52.0
155700.0,1.0,2.0,4.0,12.0,3.2,4.7,3.0,3,18.0,1.0,2.0,15.6,4.0,56.0
155700.0,1.0,1.0,1.0,12.0,3.2,4.4,3.0,4,12.0,1.0,2.0,15.6,4.0,76.0
155160.0,2.0,1.0,1.0,12.0,3.3,4.4,3.0,4,12.0,2.0,1.0,16.0,4.0,71.0
155160.0,1.0,2.0,4.0,12.0,3.2,4.4,3.0,3,18.0,2.0,1.0,15.6,4.0,63.0
156780.0,8.0,1.0,1.0,12.0,3.2,4.4,4.0,10,12.0,1.0,5.0,13.0,1.0,47.0
157870.0,7.0,3.0,10.0,12.0,3.2,4.4,3.0,1,3.0,1.0,1.0,13.3,1.0,58.0
159280.0,1.0,1.0,2.0,11.0,2.8,4.7,4.0,1,12.0,2.0,1.0,13.3,1.0,66.0
160580.0,1.0,2.0,4.0,12.0,3.2,4.7,3.0,3,9.0,2.0,5.0,16.0,1.0,70.0
160580.0,1.0,2.0,4.0,12.0,3.2,4.7,3.0,3,9.0,2.0,5.0,16.0,1.0,70.0
160580.0,2.0,1.0,2.0,12.0,3.2,4.7,4.0,4,12.0,2.0,4.0,14.0,1.0,52.0
161670.0,12.0,1.0,1.0,12.0,2.5,4.5,5.0,3,18.0,1.0,1.0,15.6,3.0,54.0
166550.0,7.0,3.0,10.0,12.0,2.5,4.7,3.0,5,3.0,1.0,1.0,13.3,1.0,58.0
167090.0,2.0,1.0,2.0,12.0,3.5,4.7,4.0,4,12.0,2.0,1.0,15.6,2.0,76.0
169800.0,1.0,2.0,8.0,12.0,3.3,4.6,3.0,3,18.0,2.0,1.0,15.6,4.0,50.0
169260.0,4.0,1.0,2.0,12.0,3.3,4.7,1.0,5,13.0,2.0,1.0,15.6,4.0,57.0
171970.0,8.0,1.0,2.0,11.0,3.0,4.8,4.0,1,12.0,1.0,1.0,15.0,1.0,45.0
171430.0,8.0,1.0,2.0,11.0,3.0,4.8,4.0,1,12.0,2.0,4.0,15.0,1.0,45.0
171430.0,1.0,1.0,2.0,11.0,3.0,5.0,4.0,1,12.0,2.0,4.0,14.0,1.0,70.0
171970.0,1.0,1.0,1.0,12.0,3.0,4.4,3.0,4,12.0,2.0,2.0,15.6,4.0,76.0
172520.0,8.0,1.0,1.0,12.0,3.0,4.4,4.0,4,12.0,2.0,6.0,13.5,1.0,48.0
177400.0,1.0,1.0,2.0,12.0,3.0,4.7,1.0,5,13.0,1.0,2.0,15.6,4.0,56.0
176860.0,4.0,1.0,2.0,11.0,2.4,4.6,3.0,3,13.0,2.0,1.0,15.6,4.0,52.0
177940.0,2.0,1.0,2.0,12.0,2.4,4.7,4.0,3,13.0,2.0,1.0,16.0,4.0,71.0
182280.0,2.0,1.0,2.0,12.0,2.4,4.7,1.0,5,13.0,2.0,2.0,14.0,2.0,42.0
183370.0,1.0,2.0,4.0,12.0,3.2,4.7,3.0,3,18.0,2.0,2.0,15.6,4.0,90.0
183370.0,1.0,2.0,4.0,12.0,3.2,4.7,3.0,3,18.0,2.0,1.0,15.6,4.0,90.0
185540.0,5.0,1.0,1.0,12.0,3.2,4.4,4.0,4,12.0,2.0,2.0,15.6,3.0,53.0
187710.0,7.0,3.0,10.0,12.0,3.2,4.4,3.0,1,3.0,1.0,1.0,13.6,1.0,52.0
187710.0,1.0,1.0,2.0,11.0,2.8,4.7,4.0,1,12.0,2.0,4.0,14.0,1.0,52.0
188250.0,1.0,1.0,2.0,12.0,2.3,4.7,4.0,3,13.0,2.0,2.0,15.6,4.0,70.0
188790.0,8.0,1.0,2.0,11.0,3.0,4.8,4.0,1,12.0,2.0,4.0,15.0,1.0,76.0
190420.0,1.0,2.0,4.0,12.0,3.2,4.4,3.0,3,18.0,2.0,1.0,15.6,3.0,47.0
191500.0,1.0,2.0,4.0,12.0,3.2,4.4,3.0,3,18.0,2.0,1.0,16.0,4.0,90.0
191500.0,2.0,1.0,2.0,11.0,2.8,4.7,4.0,1,12.0,2.0,1.0,13.3,1.0,96.0
190960.0,2.0,1.0,2.0,11.0,2.8,4.7,4.0,1,12.0,2.0,1.0,13.3,1.0,50.0
192050.0,8.0,1.0,1.0,11.0,3.1,4.4,4.0,1,8.0,2.0,4.0,14.4,1.0,50.0
192050.0,7.0,3.0,10.0,12.0,3.1,4.4,3.0,1,3.0,1.0,1.0,13.3,1.0,58.0
193130.0,5.0,1.0,1.0,12.0,3.1,4.4,3.0,4,12.0,2.0,2.0,15.6,3.0,58.0
196930.0,1.0,2.0,4.0,12.0,2.9,4.2,3.0,3,12.0,2.0,1.0,15.6,3.0,53.0
200180.0,4.0,1.0,2.0,11.0,2.3,4.6,3.0,3,13.0,2.0,1.0,15.6,3.0,90.0
201270.0,1.0,1.0,1.0,12.0,2.3,4.4,3.0,4,13.0,2.0,2.0,15.6,3.0,57.0
203980.0,2.0,1.0,2.0,12.0,3.4,4.7,5.0,3,18.0,2.0,2.0,13.3,1.0,70.0
207780.0,1.0,2.0,4.0,12.0,3.2,4.7,3.0,3,18.0,2.0,2.0,15.6,3.0,76.0
210490.0,8.0,1.0,2.0,12.0,3.2,4.7,4.0,4,12.0,2.0,5.0,13.0,1.0,50.0
214830.0,8.0,1.0,2.0,12.0,3.2,4.7,4.0,4,12.0,2.0,6.0,13.5,1.0,90.0
219710.0,1.0,1.0,2.0,12.0,3.2,4.7,4.0,3,13.0,2.0,2.0,15.6,3.0,47.0
229480.0,1.0,2.0,4.0,12.0,3.2,4.7,3.0,3,18.0,2.0,2.0,15.6,3.0,76.0
232190.0,4.0,1.0,2.0,12.0,3.2,4.7,1.0,5,13.0,2.0,1.0,15.6,3.0,90.0
235450.0,5.0,1.0,2.0,13.0,3.2,4.9,4.0,3,13.0,2.0,2.0,15.6,3.0,57.0
240330.0,1.0,2.0,4.0,12.0,3.2,4.7,3.0,3,18.0,2.0,2.0,17.3,3.0,53.0
238700.0,1.0,1.0,2.0,12.0,3.2,4.7,1.0,5,13.0,2.0,5.0,14.5,1.0,90.0
243040.0,7.0,3.0,10.0,12.0,3.2,4.7,3.0,1,3.0,2.0,1.0,13.3,1.0,76.0
246300.0,5.0,1.0,2.0,12.0,3.2,4.7,4.0,3,13.0,2.0,2.0,17.3,3.0,58.0
254430.0,1.0,2.0,8.0,12.0,3.3,4.9,3.0,3,18.0,2.0,2.0,14.0,4.0,53.0
254430.0,8.0,1.0,2.0,12.0,3.3,4.8,4.0,4,12.0,3.0,5.0,13.0,1.0,76.0
259860.0,1.0,2.0,4.0,12.0,3.2,4.7,3.0,9,18.0,2.0,1.0,15.6,3.0,70.0
263550.0,5.0,1.0,2.0,13.0,3.2,4.9,4.0,3,13.0,2.0,2.0,17.3,3.0,47.0
268860.0,2.0,1.0,2.0,12.0,3.5,4.7,1.0,5,13.0,2.0,2.0,15.6,3.0,90.0
269080.0,2.0,1.0,2.0,12.0,3.5,4.8,1.0,5,13.0,2.0,2.0,14.0,1.0,53.0
269080.0,2.0,1.0,2.0,12.0,3.5,4.7,1.0,5,13.0,2.0,2.0,15.6,4.0,80.0
265830.0,1.0,1.0,2.0,12.0,3.5,4.6,1.0,5,13.0,2.0,5.0,14.5,4.0,75.0
275590.0,2.0,1.0,2.0,12.0,3.4,4.7,5.0,3,18.0,2.0,2.0,14.0,1.0,80.0
275590.0,2.0,1.0,2.0,12.0,3.4,4.7,1.0,5,13.0,2.0,2.0,16.0,3.0,75.0
275590.0,2.0,1.0,2.0,12.0,3.5,4.7,1.0,5,13.0,2.0,2.0,16.0,3.0,80.0
279930.0,2.0,1.0,2.0,12.0,3.5,4.7,1.0,5,13.0,2.0,2.0,16.0,4.0,99.0
297290.0,7.0,3.0,10.0,12.0,3.5,4.7,3.0,1,3.0,2.0,1.0,14.2,1.0,99.0
296210.0,1.0,2.0,4.0,12.0,3.2,4.4,3.0,3,18.0,2.0,1.0,16.0,3.0,90.0
313020.0,8.0,1.0,2.0,11.0,3.2,4.8,4.0,1,12.0,3.0,4.0,14.4,4.0,56.0
318990.0,7.0,3.0,10.0,12.0,3.2,4.8,4.0,1,3.0,2.0,1.0,14.2,1.0,70.0
325500.0,1.0,2.0,8.0,12.0,3.3,4.6,3.0,3,18.0,3.0,1.0,16.0,3.0,90.0
329840.0,5.0,1.0,2.0,13.0,3.3,5.0,1.0,5,13.0,2.0,2.0,17.3,4.0,65.0
340690.0,1.0,2.0,8.0,12.0,3.0,4.8,3.0,3,18.0,3.0,4.0,13.4,4.0,62.0
340690.0,7.0,3.0,10.0,12.0,3.0,4.8,3.0,1,3.0,3.0,1.0,14.2,1.0,70.0
355880.0,7.0,3.0,10.0,12.0,3.0,4.8,5.0,1,3.0,2.0,2.0,16.2,1.0,10.0
359140.0,1.0,2.0,8.0,12.0,3.3,4.6,3.0,3,18.0,3.0,1.0,16.0,4.0,90.0
367820.0,5.0,1.0,2.0,13.0,3.3,5.0,1.0,5,13.0,2.0,2.0,17.3,4.0,65.0
375410.0,6.0,1.0,2.0,12.0,3.3,4.7,1.0,5,13.0,2.0,2.0,15.6,4.0,86.0
377580.0,7.0,3.0,10.0,12.0,3.3,4.7,4.0,1,3.0,3.0,1.0,14.2,1.0,70.0
379210.0,1.0,1.0,9.0,12.0,3.3,5.0,1.0,5,13.0,3.0,2.0,16.0,4.0,90.0
398200.0,7.0,3.0,10.0,12.0,3.3,5.0,4.0,1,3.0,3.0,1.0,14.2,1.0,70.0
478490.0,5.0,1.0,2.0,13.0,3.3,5.0,7.0,11,15.0,3.0,2.0,16.0,4.0,90.0
557690.0,5.0,1.0,9.0,13.0,3.3,5.5,7.0,7,16.0,3.0,2.0,16.0,4.0,99.0
667280.0,7.0,3.0,10.0,12.0,3.3,5.5,4.0,1,3.0,5.0,1.0,16.2,1.0,10.0
840770.0,5.0,1.0,9.0,13.0,3.3,5.6,7.0,7,16.0,5.0,2.0,17.3,5.0,99.0
143000.0,1.0,2.0,4.0,4.0,2.9,4.2,4.0,2,8.0,1.0,1.0,15.6,1.0,56.0
162000.0,7.0,3.0,10.0,4.0,2.9,4.4,3.0,2,2.0,1.0,1.0,13.3,4.0,58.0
47500.0,2.0,1.0,3.0,10.0,1.2,3.4,2.0,2,4.0,4.0,1.0,15.6,1.0,35.0
78000.0,2.0,1.0,1.0,11.0,2.4,4.2,2.0,2,8.0,1.0,1.0,15.6,1.0,38.0
58000.0,2.0,1.0,3.0,11.0,3.0,4.1,2.0,2,6.0,1.0,1.0,14.0,1.0,45.0
80500.0,2.0,1.0,1.0,12.0,1.3,4.4,2.0,2,12.0,1.0,1.0,14.0,1.0,45.0
71500.0,2.0,2.0,5.0,5.0,2.3,4.3,3.0,2,9.0,2.0,1.0,14.0,1.0,45.0
103000.0,2.0,2.0,4.0,5.0,1.8,4.3,2.0,2,9.0,2.0,1.0,14.0,1.0,52.5
88000.0,2.0,2.0,5.0,5.0,2.1,4.0,2.0,2,8.0,1.0,1.0,14.0,1.0,52.5
67000.0,2.0,2.0,5.0,5.0,2.1,4.0,2.0,1,2.0,1.0,1.0,15.6,1.0,45.0
67000.0,2.0,2.0,5.0,5.0,2.3,4.3,2.0,1,9.0,1.0,1.0,14.0,1.0,45.0
75500.0,2.0,2.0,4.0,5.0,1.8,4.3,2.0,1,8.0,1.0,1.0,14.0,1.0,38.0
70000.0,2.0,2.0,5.0,5.0,2.1,4.0,2.0,1,6.0,1.0,1.0,14.0,1.0,45.0
55000.0,2.0,2.0,6.0,3.0,2.6,3.5,2.0,1,4.0,1.0,1.0,15.6,1.0,42.0
87000.0,3.0,1.0,1.0,11.0,2.4,4.2,2.0,1,8.0,1.0,1.0,14.0,1.0,45.0
81000.0,3.0,1.0,1.0,11.0,3.3,4.4,2.0,1,12.0,1.0,1.0,15.6,1.0,41.0
47500.0,3.0,1.0,1.0,11.0,1.1,2.8,2.0,2,12.0,4.0,1.0,15.6,1.0,41.0
60700.0,3.0,2.0,6.0,5.0,2.1,3.7,2.0,2,4.0,1.0,1.0,15.6,1.0,41.0
60000.0,3.0,1.0,3.0,11.0,2.1,3.7,2.0,2,8.0,4.0,1.0,15.6,1.0,41.0
62500.0,3.0,1.0,3.0,11.0,2.4,3.7,2.0,2,8.0,1.0,1.0,15.6,1.0,41.0
78000.0,1.0,1.0,1.0,11.0,2.4,4.2,2.0,2,8.0,1.0,1.0,15.6,1.0,37.0
92000.0,4.0,1.0,1.0,11.0,2.4,4.2,2.0,2,8.0,2.0,3.0,14.0,1.0,14.0
48500.0,4.0,2.0,11.0,3.0,2.6,3.5,2.0,2,4.0,4.0,1.0,14.0,1.0,36.0
152000.0,4.0,2.0,4.0,5.0,1.3,3.2,2.0,2,4.0,2.0,1.0,15.6,1.0,57.0
63500.0,4.0,1.0,1.0,11.0,2.4,4.2,2.0,2,8.0,1.0,1.0,15.6,1.0,36.0
47500.0,4.0,1.0,1.0,11.0,2.4,4.1,2.0,2,12.0,4.0,1.0,15.6,1.0,36.0
71000.0,4.0,1.0,1.0,11.0,2.5,4.7,2.0,2,8.0,1.0,1.0,15.6,1.0,50.0
101000.0,4.0,1.0,1.0,11.0,3.3,4.4,2.0,2,12.0,1.0,1.0,15.6,1.0,50.0
109500.0,4.0,1.0,1.0,11.0,3.3,4.4,2.0,2,12.0,1.0,1.0,15.6,1.0,50.0
85000.0,5.0,4.0,2.0,11.0,2.4,4.4,2.0,2,12.0,1.0,1.0,15.6,1.0,50.0
112000.0,2.0,2.0,4.0,5.0,3.2,4.4,2.0,2,9.0,2.0,1.0,15.6,1.0,45.0
52500.0,4.0,1.0,3.0,11.0,2.1,4.1,2.0,2,6.0,1.0,1.0,15.6,1.0,36.0
275000.0,1.0,2.0,4.0,5.0,3.2,4.4,2.0,2,9.0,2.0,1.0,16.0,1.0,90.0
302000.0,1.0,2.0,8.0,5.0,2.1,4.4,2.0,2,18.0,3.0,1.0,16.0,1.0,90.0
115000.0,1.0,1.0,1.0,11.0,2.4,4.2,2.0,2,8.0,1.0,1.0,13.3,1.0,66.0
101000.0,2.0,2.0,5.0,5.0,3.3,4.2,2.0,2,9.0,1.0,1.0,15.6,1.0,45.0
150000.0,12.0,1.0,1.0,12.0,2.1,4.5,2.0,2,9.0,1.0,1.0,15.6,1.0,54.0
150000.0,12.0,1.0,1.0,12.0,2.7,4.5,2.0,2,18.0,1.0,1.0,15.6,1.0,54.0
112000.0,12.0,1.0,1.0,11.0,2.7,4.5,4.0,2,9.0,1.0,1.0,15.6,1.0,48.0
227000.0,12.0,1.0,2.0,11.0,2.3,4.6,2.0,2,13.0,2.0,1.0,15.6,1.0,99.0
245000.0,12.0,1.0,2.0,12.0,2.3,4.7,2.0,2,13.0,2.0,1.0,15.6,1.0,99.0
224000.0,12.0,1.0,2.0,12.0,2.3,4.7,2.0,2,13.0,2.0,1.0,15.6,1.0,99.0
113000.0,1.0,2.0,4.0,5.0,1.8,4.3,2.0,2,12.0,2.0,3.0,14.0,1.0,67.0
42500.0,1.0,1.0,7.0,9.0,1.1,2.8,2.0,2,4.0,4.0,1.0,15.6,1.0,37.0
62800.0,1.0,1.0,3.0,11.0,3.0,4.1,2.0,2,6.0,1.0,1.0,15.6,1.0,37.0
69500.0,1.0,1.0,3.0,11.0,3.0,4.1,2.0,2,6.0,1.0,1.0,15.6,1.0,42.0
52500.0,1.0,1.0,3.0,10.0,2.1,4.1,4.0,2,4.0,4.0,1.0,14.0,1.0,37.0
49500.0,1.0,1.0,3.0,10.0,2.1,4.1,2.0,2,4.0,4.0,1.0,14.0,1.0,37.0
0.0,1.0,1.0,1.0,11.0,3.1,4.4,2.0,2,8.0,1.0,1.0,15.6,1.0,76.0
214000.0,1.0,2.0,4.0,6.0,2.4,4.7,2.0,2,18.0,2.0,2.0,15.6,1.0,90.0
330000.0,1.0,2.0,8.0,5.0,3.1,4.8,2.0,2,18.0,3.0,1.0,13.4,1.0,62.0
73000.0,1.0,1.0,1.0,11.0,2.4,4.2,2.0,2,12.0,1.0,1.0,14.0,1.0,38.0
123150.0,7.0,1.0,1.0,5.0,2.4,4.2,2.0,2,8.0,1.0,1.0,13.3,1.0,49.9
52500.0,4.0,1.0,3.0,11.0,3.0,4.1,2.0,2,10.0,1.0,1.0,15.6,1.0,36.0
67000.0,3.0,1.0,3.0,12.0,3.3,4.4,2.0,2,10.0,1.0,1.0,15.6,1.0,41.0
69000.0,3.0,1.0,1.0,11.0,2.4,4.2,2.0,2,8.0,1.0,1.0,14.0,1.0,41.0
177000.0,2.0,1.0,2.0,11.0,2.8,4.7,2.0,2,12.0,2.0,1.0,13.3,1.0,50.0
774900.0,5.0,1.0,9.0,13.0,2.4,4.4,2.0,2,13.0,5.0,1.0,17.3,1.0,99.0
155000.0,5.0,1.0,2.0,12.0,2.4,4.7,4.0,2,13.0,1.0,1.0,15.6,1.0,53.0
109000.0,2.0,2.0,4.0,5.0,1.9,4.4,2.0,2,9.0,2.0,1.0,14.0,1.0,45.0
85000.0,3.0,1.0,1.0,11.0,2.4,4.2,2.0,2,8.0,1.0,1.0,14.0,1.0,45.0
63700.0,3.0,1.0,3.0,12.0,3.3,4.4,4.0,2,10.0,1.0,1.0,15.6,1.0,41.0
61700.0,3.0,1.0,3.0,12.0,3.3,4.4,2.0,2,10.0,4.0,1.0,15.6,1.0,41.0
72000.0,11.0,1.0,1.0,11.0,2.4,4.2,2.0,2,8.0,1.0,3.0,14.0,1.0,37.0
61000.0,1.0,1.0,3.0,11.0,3.0,4.1,2.0,2,6.0,1.0,1.0,15.6,1.0,37.0
52000.0,1.0,1.0,3.0,11.0,3.0,4.1,4.0,2,6.0,4.0,1.0,15.6,1.0,37.0
52000.0,1.0,1.0,3.0,11.0,3.0,4.1,3.0,2,6.0,4.0,1.0,15.6,1.0,37.0
52000.0,1.0,1.0,3.0,11.0,3.0,4.1,4.0,2,6.0,4.0,1.0,15.6,1.0,37.0
57500.0,1.0,1.0,3.0,10.0,2.1,4.1,2.0,2,4.0,1.0,1.0,14.0,1.0,44.0
365000.0,6.0,1.0,9.0,12.0,3.1,5.0,6.0,2,13.0,2.0,2.0,15.6,1.0,86.0
390000.0,6.0,1.0,9.0,12.0,3.1,5.0,4.0,2,13.0,3.0,2.0,15.6,1.0,86.0
61000.0,2.0,1.0,3.0,11.0,3.0,4.1,4.0,1,8.0,1.0,1.0,14.0,1.0,45.0
99500.0,2.0,1.0,2.0,11.0,2.8,4.7,2.0,1,13.0,1.0,1.0,14.0,1.0,45.0
87000.0,6.0,1.0,1.0,11.0,2.6,4.4,2.0,2,12.0,2.0,1.0,14.0,1.0,42.0
364990.0,1.0,1.0,9.0,12.0,2.5,5.0,4.0,1,13.0,3.0,3.0,14.0,1.0,96.0
249990.0,1.0,1.0,2.0,12.0,2.3,4.7,4.0,1,13.0,2.0,3.0,14.0,1.0,76.0
249990.0,1.0,1.0,2.0,12.0,2.3,4.7,2.0,2,13.0,2.0,3.0,14.5,1.0,76.0
224990.0,1.0,1.0,2.0,12.0,2.3,4.7,6.0,2,13.0,2.0,3.0,14.5,1.0,76.0
159000.0,1.0,1.0,2.0,11.0,3.0,4.8,6.0,1,9.0,2.0,3.0,15.6,1.0,70.0
333000.0,1.0,2.0,4.0,5.0,3.3,4.6,2.0,1,9.0,3.0,1.0,16.0,1.0,90.0
97330.0,2.0,1.0,1.0,11.0,2.4,4.2,2.0,1,9.0,1.0,1.0,14.0,1.0,45.0
66500.0,2.0,1.0,3.0,11.0,3.0,4.1,4.0,2,6.0,1.0,1.0,14.0,1.0,45.0
111000.0,2.0,1.0,1.0,11.0,3.1,4.4,4.0,2,8.0,1.0,1.0,15.6,1.0,75.0
36000.0,2.0,1.0,7.0,9.0,1.1,2.8,4.0,2,4.0,4.0,1.0,15.6,1.0,40.0
95000.0,2.0,2.0,5.0,5.0,2.3,4.2,6.0,2,9.0,2.0,1.0,14.0,1.0,56.0
60000.0,6.0,2.0,6.0,5.0,2.7,4.1,4.0,2,8.0,1.0,1.0,15.6,1.0,41.0
59500.0,4.0,1.0,3.0,11.0,2.2,4.1,4.0,2,4.0,4.0,1.0,14.0,1.0,48.0
79900.0,4.0,1.0,1.0,12.0,3.3,4.4,2.0,2,12.0,1.0,1.0,14.0,1.0,50.0
47950.0,9.0,1.0,3.0,10.0,1.2,4.1,4.0,1,4.0,1.0,1.0,14.0,1.0,36.0
156500.0,5.0,1.0,2.0,11.0,2.4,4.1,2.0,2,9.0,2.0,3.0,14.0,1.0,52.0
148000.0,5.0,1.0,2.0,11.0,3.0,4.6,6.0,2,9.0,2.0,3.0,14.0,1.0,52.0
222000.0,5.0,1.0,2.0,11.0,2.4,4.6,6.0,2,13.0,2.0,1.0,16.0,1.0,90.0
58000.0,3.0,1.0,3.0,10.0,1.2,3.4,4.0,2,4.0,4.0,1.0,14.0,1.0,41.0
53200.0,6.0,1.0,3.0,11.0,3.0,4.1,4.0,1,4.0,1.0,1.0,14.0,1.0,42.0
99000.0,1.0,1.0,1.0,10.0,2.5,4.5,4.0,1,8.0,1.0,1.0,15.6,1.0,48.0
55500.0,1.0,1.0,3.0,11.0,3.0,4.1,6.0,1,4.0,4.0,1.0,14.0,1.0,38.0
183000.0,7.0,1.0,10.0,11.0,2.5,3.7,4.0,2,4.0,1.0,1.0,13.6,1.0,52.0
165000.0,7.0,1.0,1.0,11.0,3.3,3.3,6.0,2,4.0,1.0,1.0,13.6,1.0,52.0
91500.0,2.0,1.0,1.0,11.0,2.4,4.2,4.0,1,8.0,1.0,1.0,15.6,1.0,45.0
2800.0,9.0,1.0,5.0,11.0,2.3,4.1,4.0,1,8.0,1.0,1.0,14.0,1.0,40.0
2700.0,9.0,1.0,1.0,11.0,1.6,4.4,4.0,1,8.0,2.0,1.0,16.0,1.0,40.0
70990.0,9.0,1.0,2.0,10.0,2.3,4.1,4.0,2,8.0,1.0,1.0,14.0,1.0,31.0
57550.0,9.0,1.0,1.0,8.0,1.6,3.4,4.0,1,6.0,1.0,1.0,14.0,1.0,36.0
55550.0,9.0,1.0,1.0,8.0,1.6,3.4,4.0,1,6.0,1.0,1.0,14.0,1.0,36.0
59990.0,9.0,1.0,1.0,10.0,1.6,4.1,4.0,1,6.0,1.0,1.0,14.0,1.0,31.0
59990.0,9.0,1.0,1.0,10.0,1.6,4.1,4.0,1,6.0,1.0,1.0,1.0,1.0,31.0
122850.0,9.0,1.0,2.0,10.0,2.3,4.2,6.0,1,9.0,2.0,1.0,15.6,1.0,49.0
350000.0,13.0,2.0,2.0,8.0,2.3,4.2,4.0,2,4.0,1.0,1.0,15.6,1.0,80.0
339900.0,5.0,1.0,2.0,13.0,3.5,3.4,4.0,4,13.0,1.0,2.0,17.3,1.0,65.0
229900.0,5.0,1.0,2.0,12.0,3.5,4.7,4.0,1,13.0,2.0,2.0,15.6,1.0,65.0
108500.0,5.0,1.0,1.0,12.0,2.4,4.4,4.0,1,12.0,1.0,1.0,15.6,1.0,52.0
234900.0,5.0,1.0,2.0,12.0,1.2,4.8,4.0,2,13.0,2.0,2.0,15.6,1.0,53.0
219900.0,5.0,1.0,2.0,13.0,2.4,4.7,4.0,2,13.0,2.0,5.0,16.0,1.0,81.0
249900.0,5.0,1.0,2.0,12.0,3.6,4.8,4.0,2,13.0,3.0,5.0,16.0,1.0,82.0
145500.0,5.0,1.0,2.0,11.0,2.4,4.8,4.0,2,13.0,2.0,3.0,14.0,1.0,52.0
134000.0,5.0,1.0,2.0,11.0,3.0,4.8,4.0,4,12.0,2.0,3.0,14.0,1.0,52.0
76000.0,5.0,1.0,1.0,11.0,2.4,4.2,4.0,4,8.0,1.0,1.0,14.0,1.0,40.0
87000.0,5.0,2.0,4.0,5.0,2.0,4.5,4.0,2,9.0,1.0,1.0,14.0,1.0,40.0
93500.0,5.0,1.0,2.0,12.0,2.4,4.7,4.0,1,12.0,1.0,1.0,14.0,1.0,40.0
85500.0,5.0,1.0,2.0,11.0,2.8,4.7,4.0,4,12.0,1.0,1.0,14.0,1.0,40.0
61000.0,5.0,1.0,3.0,11.0,2.4,4.1,4.0,1,6.0,1.0,1.0,14.0,1.0,40.0
119500.0,5.0,1.0,1.0,12.0,2.4,4.4,4.0,4,12.0,1.0,1.0,15.6,1.0,53.0
92900.0,5.0,1.0,1.0,11.0,2.7,4.5,4.0,1,12.0,1.0,1.0,15.6,1.0,53.0
169000.0,5.0,1.0,2.0,3.0,3.5,4.7,4.0,1,13.0,2.0,1.0,16.0,1.0,53.0
173000.0,2.0,1.0,2.0,12.0,2.3,4.7,6.0,1,13.0,2.0,5.0,14.0,1.0,61.0
193000.0,2.0,1.0,2.0,12.0,2.1,4.7,4.0,1,13.0,2.0,5.0,13.3,1.0,50.0
69500.0,2.0,1.0,1.0,11.0,2.4,4.2,4.0,1,8.0,2.0,1.0,14.0,1.0,35.0
84000.0,2.0,1.0,1.0,11.0,2.4,4.2,4.0,1,8.0,1.0,1.0,14.0,1.0,45.0
79750.0,2.0,1.0,3.0,11.0,3.0,4.1,4.0,1,6.0,1.0,1.0,14.0,2.0,45.0
263000.0,2.0,1.0,2.0,12.0,2.3,4.7,4.0,1,13.0,1.0,2.0,16.0,1.0,99.0
258000.0,2.0,1.0,2.0,12.0,2.3,4.7,4.0,4,13.0,1.0,2.0,16.0,1.0,99.0
332500.0,2.0,2.0,8.0,5.0,3.3,4.6,4.0,1,9.0,2.0,1.0,16.0,1.0,80.0
253000.0,2.0,1.0,2.0,11.0,2.3,4.6,4.0,1,9.0,2.0,1.0,16.0,2.0,80.0
55500.0,2.0,1.0,3.0,11.0,3.0,4.1,4.0,1,6.0,4.0,1.0,14.0,1.0,38.0
65000.0,2.0,1.0,3.0,12.0,1.2,4.4,4.0,1,6.0,1.0,1.0,15.6,1.0,45.0
121000.0,2.0,1.0,1.0,11.0,3.3,4.8,4.0,1,8.0,1.0,1.0,16.0,1.0,75.0
55500.0,2.0,1.0,3.0,11.0,4.1,4.1,4.0,1,6.0,1.0,1.0,14.0,1.0,38.0
61000.0,2.0,1.0,3.0,11.0,4.1,4.1,4.0,1,6.0,5.0,1.0,14.0,2.0,38.0
39000.0,2.0,1.0,7.0,9.0,1.1,2.8,4.0,1,4.0,4.0,1.0,15.6,1.0,38.0
48000.0,2.0,1.0,3.0,10.0,1.2,3.4,4.0,4,4.0,4.0,1.0,15.6,2.0,41.0
55500.0,2.0,1.0,3.0,11.0,3.0,4.1,4.0,1,6.0,1.0,1.0,15.6,1.0,45.0
55000.0,2.0,1.0,3.0,11.0,3.0,4.1,4.0,1,6.0,4.0,1.0,15.6,1.0,45.0
84000.0,2.0,1.0,1.0,12.0,1.3,4.4,5.0,4,12.0,1.0,1.0,15.6,1.0,45.0
65000.0,2.0,1.0,3.0,12.0,1.2,4.4,4.0,4,6.0,1.0,1.0,15.6,1.0,45.0
75000.0,2.0,1.0,1.0,12.0,1.3,4.4,4.0,4,12.0,1.0,1.0,14.0,2.0,45.0
168000.0,2.0,1.0,2.0,12.0,2.3,4.7,4.0,4,13.0,1.0,1.0,16.0,1.0,71.0
111000.0,2.0,1.0,1.0,12.0,1.3,4.4,4.0,3,12.0,2.0,1.0,15.6,1.0,76.0
158000.0,2.0,1.0,2.0,12.0,1.7,4.7,4.0,1,13.0,2.0,1.0,15.6,1.0,76.0
102999.0,10.0,1.0,1.0,12.0,3.3,4.4,3.0,1,12.0,2.0,3.0,16.0,1.0,60.0
63500.0,10.0,1.0,3.0,11.0,2.4,4.1,4.0,1,6.0,1.0,1.0,15.6,1.0,42.0
78000.0,10.0,1.0,1.0,11.0,2.4,4.2,4.0,1,8.0,1.0,1.0,15.6,1.0,42.0
77999.0,10.0,1.0,1.0,11.0,2.4,4.2,5.0,1,8.0,1.0,1.0,14.0,1.0,56.0
76000.0,10.0,1.0,1.0,11.0,2.4,4.2,6.0,4,8.0,1.0,1.0,15.6,4.0,42.0
64000.0,10.0,1.0,3.0,11.0,3.0,4.1,4.0,1,6.0,1.0,3.0,15.6,1.0,42.0
76000.0,10.0,1.0,1.0,11.0,2.4,4.2,4.0,1,8.0,1.0,1.0,14.0,2.0,56.0
150000.0,3.0,1.0,2.0,11.0,2.3,4.6,4.0,3,13.0,2.0,1.0,16.1,1.0,70.0
71500.0,3.0,1.0,3.0,11.0,3.0,4.1,4.0,3,6.0,1.0,1.0,15.6,2.0,45.0
91000.0,3.0,1.0,1.0,12.0,2.4,4.4,4.0,4,12.0,1.0,1.0,14.0,1.0,50.0
93000.0,3.0,1.0,1.0,12.0,2.4,4.4,4.0,4,12.0,1.0,1.0,15.6,1.0,41.0
93000.0,3.0,1.0,1.0,12.0,2.4,4.4,5.0,1,12.0,1.0,1.0,15.6,1.0,41.0
103000.0,3.0,1.0,2.0,11.0,2.4,4.7,6.0,4,12.0,1.0,1.0,15.6,4.0,41.0
152000.0,3.0,1.0,1.0,11.0,3.1,4.4,4.0,4,12.0,2.0,1.0,15.6,1.0,52.0
77000.0,3.0,1.0,1.0,11.0,2.4,4.2,4.0,3,8.0,1.0,1.0,14.0,2.0,40.0
165000.0,3.0,1.0,2.0,11.0,2.8,4.7,4.0,3,13.0,6.0,1.0,14.0,4.0,53.0
76000.0,3.0,1.0,1.0,11.0,2.4,4.2,6.0,4,8.0,1.0,1.0,15.6,1.0,41.0
58500.0,3.0,1.0,3.0,11.0,3.0,4.1,5.0,1,6.0,1.0,1.0,15.6,1.0,41.0
69000.0,3.0,1.0,1.0,11.0,2.4,4.2,5.0,1,8.0,1.0,1.0,14.0,1.0,41.0
81000.0,3.0,1.0,1.0,12.0,2.4,4.4,4.0,1,8.0,1.0,1.0,15.6,1.0,41.0
59000.0,3.0,1.0,3.0,11.0,3.0,4.1,6.0,4,6.0,1.0,1.0,15.6,1.0,41.0
73200.0,3.0,2.0,5.0,5.0,2.4,4.3,4.0,1,9.0,1.0,1.0,15.6,2.0,41.0
79700.0,3.0,2.0,4.0,5.0,1.8,4.3,4.0,1,8.0,1.0,1.0,15.6,2.0,41.0
51200.0,3.0,2.0,10.0,3.0,2.3,3.2,4.0,4,8.0,1.0,1.0,15.6,1.0,41.0
83500.0,3.0,1.0,1.0,11.0,2.4,4.2,4.0,1,12.0,1.0,1.0,15.6,1.0,41.0
40500.0,3.0,1.0,7.0,9.0,1.1,3.0,4.0,1,12.0,4.0,1.0,15.6,1.0,86.0
82500.0,6.0,1.0,9.0,11.0,2.5,4.8,4.0,4,13.0,3.0,3.0,15.6,1.0,86.0
86000.0,6.0,1.0,1.0,11.0,2.4,4.2,4.0,4,8.0,1.0,1.0,15.6,1.0,41.0
51000.0,6.0,1.0,3.0,11.0,3.0,4.1,5.0,4,6.0,4.0,1.0,15.6,4.0,42.0
90500.0,6.0,1.0,1.0,11.0,2.4,4.2,3.0,1,8.0,1.0,1.0,14.0,1.0,41.0
52000.0,6.0,1.0,3.0,11.0,3.0,4.1,4.0,1,6.0,4.0,1.0,15.6,1.0,41.0
134000.0,6.0,1.0,2.0,12.0,2.4,4.7,4.0,1,12.0,2.0,1.0,16.0,1.0,54.0
67000.0,6.0,1.0,3.0,12.0,2.4,4.4,6.0,3,10.0,1.0,1.0,15.6,1.0,41.0
84000.0,6.0,1.0,1.0,11.0,2.4,4.2,3.0,3,8.0,1.0,1.0,15.6,1.0,41.0
73000.0,6.0,1.0,1.0,11.0,2.4,4.2,5.0,4,8.0,4.0,1.0,15.6,4.0,41.0
161000.0,6.0,1.0,2.0,12.0,1.8,4.7,4.0,4,12.0,2.0,1.0,14.0,2.0,54.0
125000.0,6.0,1.0,1.0,12.0,1.8,4.4,4.0,1,12.0,1.0,3.0,14.0,2.0,54.0
90990.0,11.0,1.0,2.0,10.0,1.8,4.9,4.0,1,8.0,2.0,1.0,14.0,2.0,59.0
89000.0,11.0,1.0,2.0,10.0,1.8,4.9,5.0,1,8.0,2.0,1.0,14.0,4.0,76.0
179990.0,1.0,1.0,2.0,12.0,2.1,4.7,3.0,1,18.0,2.0,5.0,13.3,1.0,67.0
224990.0,1.0,1.0,2.0,12.0,2.3,4.7,4.0,1,9.0,2.0,5.0,14.5,1.0,76.0
129500.0,1.0,2.0,5.0,5.0,2.4,4.3,4.0,1,9.0,2.0,3.0,14.0,4.0,63.0
174000.0,1.0,1.0,2.0,11.0,2.8,4.7,3.0,1,8.0,2.0,3.0,14.0,4.0,70.0
109000.0,1.0,1.0,1.0,11.0,2.4,4.2,4.0,3,8.0,1.0,3.0,14.0,1.0,67.0
100000.0,1.0,2.0,5.0,5.0,2.1,4.0,4.0,4,8.0,1.0,3.0,14.0,1.0,42.0
139500.0,1.0,2.0,4.0,5.0,2.0,4.5,5.0,3,8.0,1.0,3.0,14.0,1.0,63.0
41000.0,1.0,1.0,7.0,9.0,1.1,2.8,5.0,1,4.0,4.0,1.0,15.6,4.0,37.0
42000.0,1.0,1.0,7.0,9.0,1.1,2.8,3.0,1,4.0,4.0,1.0,15.6,2.0,37.0
115000.0,1.0,1.0,2.0,11.0,2.8,4.7,4.0,1,12.0,2.0,1.0,15.6,2.0,50.0
135000.0,1.0,2.0,5.0,5.0,3.3,4.2,4.0,1,9.0,2.0,1.0,15.6,1.0,50.0
98500.0,1.0,2.0,4.0,5.0,2.4,4.4,4.0,1,18.0,1.0,1.0,15.6,2.0,50.0
115000.0,1.0,1.0,2.0,11.0,3.3,4.8,6.0,1,4.0,1.0,1.0,15.6,4.0,64.0
47000.0,1.0,1.0,7.0,9.0,1.1,2.8,6.0,1,4.0,4.0,1.0,14.0,1.0,42.0
45000.0,1.0,1.0,7.0,9.0,1.1,4.1,5.0,3,4.0,4.0,1.0,14.0,4.0,37.0
52000.0,1.0,1.0,3.0,10.0,2.1,4.1,6.0,1,4.0,4.0,1.0,15.6,4.0,37.0
50000.0,1.0,1.0,3.0,10.0,2.1,4.1,4.0,1,4.0,4.0,1.0,15.6,2.0,37.0
76500.0,1.0,1.0,1.0,11.0,2.4,4.2,4.0,3,8.0,1.0,1.0,15.6,1.0,37.0
76500.0,1.0,1.0,1.0,11.0,2.4,4.2,4.0,1,8.0,1.0,1.0,15.6,2.0,37.0
70500.0,1.0,1.0,1.0,11.0,2.4,4.2,3.0,1,8.0,4.0,1.0,15.6,4.0,37.0
70500.0,1.0,1.0,1.0,11.0,2.4,4.2,4.0,1,8.0,4.0,1.0,15.6,2.0,37.0
74500.0,1.0,1.0,1.0,11.0,2.4,4.2,5.0,4,8.0,4.0,1.0,15.6,4.0,37.0
70000.0,1.0,1.0,1.0,11.0,2.4,4.2,6.0,3,8.0,4.0,1.0,15.6,4.0,37.0
69000.0,1.0,1.0,1.0,11.0,2.4,4.2,4.0,3,8.0,4.0,1.0,15.6,1.0,37.0
58000.0,1.0,1.0,3.0,11.0,3.0,4.1,3.0,2,8.0,4.0,1.0,15.6,4.0,37.0
52000.0,1.0,1.0,3.0,11.0,3.0,4.1,6.0,2,6.0,4.0,1.0,15.6,1.0,37.0
112000.0,1.0,1.0,2.0,11.0,2.8,4.7,5.0,2,13.0,1.0,1.0,15.6,1.0,42.0
87800.0,1.0,1.0,1.0,12.0,2.4,4.4,6.0,1,8.0,1.0,1.0,15.6,4.0,42.0
88000.0,1.0,1.0,1.0,12.0,2.4,4.4,3.0,4,12.0,1.0,1.0,15.6,4.0,42.0
69990.0,1.0,1.0,3.0,12.0,2.4,4.4,6.0,1,13.0,4.0,1.0,15.6,4.0,42.0
78500.0,1.0,1.0,1.0,11.0,2.4,4.2,4.0,1,8.0,1.0,1.0,15.6,4.0,37.0
75500.0,1.0,1.0,1.0,11.0,2.4,4.2,4.0,1,8.0,1.0,1.0,15.6,1.0,37.0
63000.0,1.0,1.0,3.0,11.0,3.0,4.1,4.0,3,6.0,1.0,1.0,15.6,4.0,37.0
47000.0,1.0,1.0,3.0,10.0,2.1,4.1,3.0,4,4.0,4.0,1.0,15.6,4.0,37.0
105500.0,1.0,1.0,2.0,11.0,2.8,4.7,3.0,3,12.0,1.0,1.0,15.6,4.0,42.0
66000.0,1.0,1.0,3.0,11.0,3.0,4.1,3.0,1,6.0,1.0,1.0,15.6,1.0,42.0
66000.0,1.0,1.0,3.0,11.0,3.0,4.1,4.0,1,6.0,1.0,1.0,15.6,2.0,42.0
66000.0,1.0,1.0,3.0,11.0,3.0,4.1,4.0,4,6.0,1.0,1.0,15.6,2.0,42.0
72000.0,1.0,1.0,1.0,11.0,2.4,4.2,3.0,1,8.0,4.0,1.0,14.0,1.0,37.0
72500.0,1.0,1.0,1.0,11.0,2.4,4.2,3.0,1,8.0,4.0,1.0,14.0,1.0,37.0
54000.0,1.0,1.0,3.0,11.0,3.0,4.1,3.0,1,6.0,4.0,1.0,14.0,1.0,37.0
87800.0,1.0,1.0,1.0,12.0,2.4,4.4,3.0,1,6.0,1.0,1.0,14.0,1.0,37.0
89000.0,1.0,1.0,1.0,12.0,2.4,4.4,3.0,1,7.0,1.0,1.0,14.0,1.0,37.0
69000.0,1.0,1.0,3.0,12.0,2.4,4.4,4.0,1,13.0,4.0,1.0,14.0,4.0,40.0
78500.0,1.0,1.0,1.0,11.0,2.4,4.2,6.0,1,8.0,1.0,1.0,14.0,4.0,37.0
164000.0,1.0,1.0,2.0,12.0,2.3,4.7,3.0,1,13.0,1.0,1.0,15.6,4.0,90.0
91999.0,1.0,1.0,1.0,10.0,2.5,4.5,3.0,1,8.0,1.0,1.0,15.6,4.0,48.0
95000.0,1.0,1.0,1.0,10.0,2.5,4.5,3.0,4,8.0,1.0,1.0,15.6,4.0,48.0
203000.0,1.0,1.0,2.0,12.0,2.3,4.7,3.0,1,13.0,2.0,2.0,15.6,4.0,76.0
182000.0,1.0,1.0,1.0,12.0,2.0,4.4,4.0,1,12.0,2.0,2.0,15.6,1.0,76.0
174000.0,1.0,1.0,2.0,12.0,2.3,4.7,4.0,4,13.0,2.0,2.0,15.6,1.0,76.0
159000.0,1.0,1.0,1.0,12.0,2.0,4.4,3.0,1,12.0,2.0,2.0,15.6,4.0,76.0
350000.0,1.0,1.0,9.0,12.0,2.5,5.0,3.0,4,13.0,3.0,2.0,16.0,4.0,90.0
410000.0,1.0,1.0,2.0,7.0,2.9,3.9,3.0,3,8.0,5.0,1.0,18.4,1.0,74.0
272000.0,1.0,1.0,9.0,12.0,2.5,5.0,5.0,3,13.0,2.0,5.0,13.4,3.0,56.0
270000.0,1.0,2.0,4.0,5.0,3.2,4.4,4.0,4,8.0,2.0,1.0,16.0,4.0,90.0
360000.0,1.0,1.0,2.0,11.0,2.3,4.6,3.0,1,13.0,3.0,1.0,16.0,1.0,90.0
56000.0,1.0,1.0,3.0,11.0,3.0,4.1,4.0,3,6.0,4.0,1.0,15.6,1.0,37.0
51500.0,1.0,1.0,3.0,10.0,2.1,4.1,4.0,1,4.0,4.0,1.0,14.0,1.0,48.0
108000.0,1.0,2.0,5.0,5.0,2.4,4.3,4.0,4,9.0,4.0,1.0,14.0,1.0,48.0
160000.0,1.0,1.0,2.0,11.0,2.9,5.0,4.0,4,12.0,2.0,1.0,14.0,1.0,64.0
110000.0,1.0,1.0,1.0,11.0,2.4,4.5,3.0,4,8.0,1.0,1.0,14.0,4.0,63.0
152000.0,1.0,1.0,2.0,11.0,2.8,4.7,4.0,4,12.0,2.0,1.0,13.3,1.0,66.0
90000.0,1.0,1.0,1.0,11.0,2.4,4.2,3.0,4,8.0,1.0,1.0,13.3,4.0,66.0
308000.0,7.0,3.0,10.0,11.0,2.0,4.2,4.0,3,9.0,2.0,1.0,16.2,1.0,70.0
222000.0,7.0,3.0,10.0,11.0,1.6,4.2,1.0,4,14.0,2.0,1.0,14.2,4.0,70.0
222000.0,7.0,3.0,10.0,11.0,1.2,4.2,4.0,1,9.0,2.0,1.0,14.2,4.0,70.0
249000.0,7.0,3.0,10.0,11.0,2.4,4.2,3.0,1,9.0,2.0,1.0,14.2,1.0,70.0
263000.0,7.0,3.0,10.0,11.0,4.4,4.2,3.0,1,9.0,2.0,1.0,14.2,1.0,70.0
85000.0,4.0,1.0,2.0,11.0,2.4,4.7,3.0,2,12.0,1.0,1.0,14.0,1.0,48.0
89000.0,4.0,1.0,2.0,11.0,2.5,4.7,4.0,3,12.0,1.0,1.0,14.0,1.0,48.0
68500.0,4.0,1.0,1.0,11.0,2.4,4.2,3.0,1,8.0,1.0,1.0,14.0,1.0,48.0
55000.0,4.0,1.0,3.0,11.0,2.4,4.1,4.0,4,6.0,4.0,1.0,14.0,4.0,48.0
100000.0,4.0,1.0,1.0,11.0,2.3,4.2,4.0,3,8.0,1.0,1.0,14.0,1.0,56.0
71000.0,4.0,2.0,5.0,4.0,2.3,4.0,3.0,3,9.0,1.0,3.0,14.0,3.0,48.0
217000.0,4.0,1.0,2.0,12.0,3.3,4.7,4.0,3,13.0,1.0,1.0,15.6,2.0,57.0
121000.0,4.0,1.0,1.0,12.0,3.3,4.5,3.0,3,18.0,1.0,1.0,15.6,4.0,57.0
154000.0,4.0,2.0,11.0,11.0,3.3,4.5,4.0,4,12.0,1.0,2.0,15.6,2.0,57.0
95500.0,4.0,2.0,5.0,5.0,2.4,4.0,3.0,1,9.0,1.0,1.0,15.6,1.0,48.0
117000.0,4.0,1.0,1.0,12.0,3.3,4.4,3.0,3,8.0,1.0,1.0,15.6,3.0,50.0
101000.0,4.0,1.0,1.0,12.0,3.3,4.4,5.0,4,8.0,1.0,1.0,15.6,4.0,50.0
80000.0,4.0,1.0,1.0,11.0,2.4,4.2,4.0,4,8.0,1.0,1.0,14.0,4.0,48.0
63000.0,4.0,1.0,3.0,12.0,3.3,4.4,3.0,3,8.0,1.0,1.0,15.6,3.0,40.0
66000.0,4.0,1.0,1.0,11.0,2.4,4.2,3.0,10,8.0,1.0,1.0,15.6,3.0,37.0
53000.0,4.0,1.0,3.0,11.0,3.0,4.1,4.0,10,4.0,1.0,1.0,15.6,4.0,37.0
136000.0,2.0,1.0,2.0,11.0,3.3,4.8,3.0,1,13.0,2.0,1.0,15.6,1.0,45.0
38900.0,3.0,1.0,7.0,9.0,1.1,3.0,4.0,3,12.0,4.0,1.0,15.6,3.0,41.0
165000.0,7.0,1.0,2.0,5.0,1.1,3.0,3.0,3,12.0,1.0,1.0,13.6,3.0,52.0
70530.0,2.0,1.0,3.0,11.0,3.0,4.1,1.0,4,6.0,1.0,1.0,14.0,3.0,45.0
68360.0,2.0,1.0,3.0,11.0,3.0,4.1,5.0,3,6.0,4.0,1.0,14.0,1.0,45.0
255000.0,2.0,1.0,2.0,11.0,2.3,4.6,3.0,3,13.0,2.0,1.0,14.0,3.0,56.0
258000.0,2.0,1.0,2.0,12.0,2.3,4.7,3.0,4,13.0,2.0,2.0,16.0,4.0,80.0
253000.0,2.0,1.0,2.0,12.0,2.3,4.7,1.0,3,13.0,2.0,2.0,15.6,3.0,80.0
248000.0,2.0,1.0,2.0,12.0,2.3,4.7,1.0,5,13.0,1.0,2.0,15.6,1.0,80.0
97000.0,2.0,1.0,1.0,11.0,2.4,4.2,2.0,1,8.0,2.0,1.0,14.0,2.0,56.0
85000.0,2.0,1.0,1.0,11.0,2.4,4.2,3.0,1,8.0,1.0,1.0,15.6,4.0,57.0
86000.0,2.0,1.0,1.0,11.0,1.3,4.2,3.0,1,8.0,2.0,1.0,14.0,4.0,56.0
93000.0,2.0,2.0,5.0,5.0,2.3,4.2,4.0,4,12.0,2.0,1.0,14.0,3.0,56.0
84500.0,9.0,1.0,2.0,11.0,1.2,4.7,4.0,4,13.0,1.0,1.0,14.0,1.0,49.0
254900.0,5.0,1.0,2.0,13.0,1.3,4.2,3.0,5,13.0,1.0,2.0,17.3,3.0,53.0
118000.0,2.0,1.0,1.0,12.0,1.3,4.4,4.0,3,12.0,2.0,3.0,14.0,3.0,52.0
154500.0,1.0,2.0,4.0,6.0,2.7,4.7,4.0,3,9.0,2.0,5.0,13.3,1.0,67.0
149500.0,1.0,2.0,4.0,5.0,2.9,4.4,1.0,5,9.0,2.0,1.0,15.6,4.0,63.0
227000.0,5.0,1.0,2.0,12.0,3.5,4.7,4.0,3,13.0,2.0,1.0,15.6,1.0,65.0
345000.0,6.0,1.0,2.0,12.0,2.9,4.6,5.0,3,13.0,2.0,2.0,15.6,1.0,86.0
44000.0,1.0,1.0,7.0,9.0,1.1,2.8,4.0,4,4.0,4.0,1.0,14.0,1.0,37.0
74550.0,9.0,1.0,2.0,10.0,1.3,3.9,1.0,4,13.0,1.0,1.0,14.0,4.0,36.0
54550.0,9.0,1.0,1.0,10.0,1.0,3.6,1.0,1,9.0,1.0,1.0,14.0,4.0,36.0
96000.0,5.0,1.0,1.0,11.0,2.7,4.5,5.0,3,9.0,1.0,1.0,15.6,1.0,53.0
145000.0,1.0,2.0,4.0,5.0,2.4,4.4,1.0,1,9.0,2.0,1.0,15.6,3.0,63.0
82500.0,5.0,1.0,1.0,12.0,2.9,4.4,1.0,3,12.0,1.0,1.0,15.6,3.0,39.0
90000.0,5.0,1.0,1.0,12.0,2.9,4.4,7.0,3,12.0,2.0,1.0,15.6,5.0,39.0
89999.0,1.0,4.0,1.0,4.0,3.0,4.0,2.0,1,9.0,1.0,1.0,15.6,1.0,48.0
144000.0,1.0,1.0,1.0,12.0,2.0,4.4,2.0,1,12.0,1.0,2.0,15.6,1.0,76.0
240000.0,1.0,2.0,4.0,6.0,2.9,4.7,2.0,1,18.0,2.0,2.0,15.6,1.0,90.0
235000.0,1.0,2.0,8.0,6.0,2.9,4.9,6.0,1,9.0,2.0,2.0,14.0,1.0,76.0
235000.0,1.0,2.0,8.0,6.0,2.9,4.9,4.0,4,9.0,2.0,2.0,14.0,1.0,76.0
222000.0,1.0,2.0,4.0,6.0,2.9,4.7,4.0,3,18.0,1.0,2.0,17.3,2.0,90.0
200000.0,1.0,2.0,4.0,4.0,2.9,4.7,4.0,3,18.0,1.0,2.0,15.6,1.0,90.0
338000.0,1.0,2.0,8.0,5.0,2.9,4.6,3.0,4,18.0,3.0,1.0,16.0,4.0,90.0
142000.0,7.0,1.0,1.0,12.0,2.9,4.6,1.0,3,2.0,1.0,1.0,13.3,1.0,50.0
142000.0,7.0,1.0,8.0,11.0,2.9,4.6,1.0,3,2.0,1.0,1.0,13.3,3.0,50.0
182000.0,1.0,2.0,4.0,4.0,3.0,4.2,3.0,4,8.0,2.0,1.0,15.6,4.0,90.0
71990.0,1.0,1.0,1.0,11.0,3.0,4.2,3.0,4,8.0,1.0,3.0,14.0,3.0,37.0
70990.0,1.0,1.0,1.0,11.0,3.0,4.2,4.0,3,8.0,1.0,3.0,14.0,1.0,38.0
71990.0,1.0,1.0,1.0,11.0,3.0,4.2,7.0,3,8.0,1.0,3.0,14.0,1.0,37.0
190000.0,8.0,1.0,2.0,11.0,3.0,4.8,3.0,5,12.0,2.0,3.0,13.5,3.0,47.0
44500.0,3.0,1.0,7.0,9.0,1.1,3.1,4.0,3,4.0,4.0,1.0,15.6,1.0,41.0
56000.0,6.0,1.0,3.0,11.0,1.6,4.1,3.0,3,6.0,1.0,1.0,15.6,5.0,41.0
54500.0,6.0,1.0,3.0,11.0,3.0,4.1,3.0,5,6.0,1.0,1.0,15.6,4.0,41.0
89990.0,11.0,1.0,1.0,10.0,1.6,4.2,5.0,5,6.0,1.0,1.0,14.0,1.0,37.0
89990.0,11.0,1.0,1.0,10.0,1.6,4.2,3.0,3,6.0,1.0,1.0,14.0,5.0,37.0
89500.0,11.0,1.0,1.0,10.0,1.6,4.2,3.0,3,6.0,1.0,1.0,14.0,4.0,37.0
158000.0,1.0,1.0,2.0,11.0,2.8,4.7,1.0,4,12.0,2.0,3.0,14.0,4.0,63.0
135000.0,1.0,1.0,1.0,11.0,2.4,4.2,3.0,9,8.0,1.0,3.0,14.0,3.0,63.0
149000.0,1.0,2.0,4.0,6.0,2.4,4.7,6.0,3,18.0,2.0,2.0,16.0,4.0,70.0
149000.0,1.0,2.0,4.0,6.0,2.4,4.7,4.0,5,12.0,2.0,2.0,16.0,1.0,70.0
119000.0,1.0,1.0,2.0,11.0,2.8,4.7,2.0,5,12.0,1.0,1.0,15.6,1.0,42.0
102500.0,1.0,1.0,1.0,11.0,2.4,4.2,7.0,5,8.0,1.0,1.0,15.6,4.0,42.0
192000.0,1.0,2.0,4.0,6.0,2.4,4.7,4.0,5,18.0,2.0,2.0,15.6,3.0,41.0
169500.0,1.0,2.0,4.0,6.0,2.4,4.7,2.0,3,18.0,2.0,2.0,15.6,1.0,90.0
144000.0,1.0,2.0,4.0,6.0,2.4,4.7,4.0,5,18.0,1.0,2.0,15.6,1.0,90.0
58500.0,1.0,2.0,6.0,3.0,2.1,3.5,4.0,5,5.0,4.0,1.0,15.6,4.0,42.0
160000.0,1.0,1.0,2.0,10.0,2.4,4.9,5.0,5,8.0,2.0,6.0,14.0,1.0,66.0
115000.0,1.0,1.0,2.0,11.0,2.8,4.7,5.0,5,12.0,2.0,1.0,14.0,2.0,50.0
87000.0,1.0,1.0,1.0,11.0,2.4,4.2,4.0,3,8.0,1.0,1.0,14.0,2.0,50.0
64500.0,1.0,1.0,3.0,11.0,3.0,4.1,4.0,1,6.0,1.0,1.0,15.6,1.0,42.0
107000.0,1.0,1.0,2.0,11.0,2.8,4.7,1.0,1,12.0,1.0,1.0,14.0,4.0,42.0
118000.0,1.0,1.0,2.0,11.0,2.8,4.7,1.0,3,12.0,1.0,1.0,14.0,3.0,42.0
85000.0,1.0,1.0,1.0,11.0,2.4,4.2,1.0,5,8.0,1.0,1.0,14.0,3.0,42.0
71990.0,1.0,1.0,1.0,11.0,2.4,4.2,1.0,3,8.0,1.0,3.0,14.0,2.0,37.0
85000.0,5.0,2.0,4.0,5.0,1.8,4.3,6.0,3,12.0,1.0,1.0,14.0,4.0,39.0
116500.0,5.0,1.0,1.0,11.0,2.7,4.5,4.0,3,12.0,1.0,1.0,15.6,4.0,51.0
88000.0,2.0,1.0,1.0,11.0,2.4,4.2,3.0,3,12.0,1.0,1.0,14.0,1.0,56.0
78000.0,2.0,2.0,5.0,5.0,2.1,4.0,4.0,5,9.0,1.0,1.0,14.0,1.0,56.0
87000.0,3.0,1.0,1.0,11.0,2.4,4.2,2.0,5,12.0,1.0,1.0,15.6,1.0,45.0
78900.0,3.0,2.0,5.0,5.0,2.1,4.0,2.0,5,8.0,1.0,1.0,14.0,1.0,43.0
79500.0,3.0,1.0,1.0,11.0,2.6,4.5,2.0,5,12.0,1.0,1.0,14.0,1.0,43.0
242500.0,3.0,2.0,8.0,5.0,2.6,4.6,2.0,5,9.0,2.0,1.0,16.1,1.0,83.0
164000.0,3.0,1.0,1.0,11.0,2.4,4.2,2.0,11,8.0,1.0,3.0,13.3,1.0,56.0
71000.0,3.0,2.0,5.0,5.0,2.6,4.3,2.0,7,9.0,1.0,1.0,15.6,1.0,41.0
63000.0,3.0,2.0,6.0,5.0,2.6,3.8,2.0,7,9.0,1.0,1.0,15.6,1.0,41.0
78000.0,3.0,1.0,1.0,11.0,2.4,4.2,2.0,7,8.0,1.0,1.0,14.0,1.0,41.0
138000.0,6.0,1.0,2.0,11.0,2.8,4.7,2.0,7,12.0,1.0,1.0,14.0,1.0,42.0
99500.0,6.0,1.0,2.0,12.0,2.6,4.7,4.0,3,13.0,1.0,1.0,15.6,1.0,41.0
81000.0,6.0,1.0,1.0,12.0,2.4,4.4,6.0,3,12.0,1.0,1.0,15.6,1.0,41.0
86500.0,6.0,1.0,1.0,11.0,2.4,4.2,4.0,1,8.0,1.0,1.0,15.6,1.0,41.0
170000.0,6.0,1.0,2.0,10.0,2.6,5.0,4.0,2,12.0,2.0,1.0,15.6,1.0,86.0
185000.0,1.0,1.0,2.0,11.0,2.8,4.7,4.0,2,13.0,2.0,3.0,14.0,1.0,70.0
83000.0,1.0,1.0,1.0,11.0,2.4,4.2,6.0,8,12.0,1.0,1.0,15.6,1.0,42.0
118000.0,1.0,2.0,5.0,4.0,3.0,4.0,4.0,2,8.0,1.0,1.0,15.6,2.0,48.0
107000.0,1.0,1.0,2.0,11.0,2.8,4.7,2.0,2,12.0,1.0,1.0,15.6,1.0,42.0
85000.0,1.0,1.0,1.0,11.0,2.4,4.2,2.0,5,8.0,1.0,1.0,15.6,1.0,42.0
94000.0,4.0,2.0,5.0,7.0,2.0,4.5,2.0,5,9.0,1.0,1.0,14.0,1.0,50.0
110000.0,4.0,1.0,1.0,12.0,2.4,4.4,2.0,2,12.0,2.0,3.0,14.0,1.0,56.0
185000.0,4.0,1.0,2.0,11.0,2.3,4.6,2.0,2,13.0,2.0,1.0,15.6,1.0,59.0
79000.0,4.0,1.0,1.0,12.0,3.3,4.4,2.0,2,12.0,1.0,1.0,15.6,1.0,40.0
60000.0,4.0,1.0,3.0,13.0,2.1,3.8,2.0,2,8.0,1.0,1.0,15.6,1.0,40.0
68000.0,4.0,2.0,5.0,7.0,2.8,4.3,2.0,2,9.0,1.0,1.0,15.6,1.0,40.0
70990.0,4.0,1.0,1.0,11.0,2.4,4.2,2.0,1,8.0,1.0,3.0,14.0,1.0,37.0
70990.0,3.0,1.0,1.0,11.0,2.4,4.2,2.0,2,8.0,1.0,3.0,14.0,1.0,37.0
70950.0,4.0,1.0,1.0,11.0,2.4,4.2,2.0,1,8.0,1.0,3.0,14.0,1.0,37.0
70950.0,3.0,1.0,1.0,11.0,2.4,4.2,2.0,2,8.0,1.0,3.0,14.0,1.0,37.0
70990.0,4.0,1.0,1.0,11.0,2.4,4.2,2.0,2,8.0,1.0,3.0,14.0,1.0,37.0
132000.0,3.0,2.0,5.0,5.0,2.4,4.2,2.0,1,9.0,1.0,1.0,16.1,1.0,70.0
53000.0,6.0,1.0,3.0,11.0,3.0,4.1,2.0,1,6.0,4.0,1.0,15.6,1.0,41.0
258000.0,2.0,1.0,2.0,12.0,2.1,4.7,2.0,4,13.0,2.0,5.0,14.0,1.0,75.0
260000.0,2.0,1.0,2.0,11.0,3.0,4.8,2.0,4,13.0,2.0,3.0,14.0,1.0,60.0
119000.0,1.0,1.0,1.0,11.0,3.1,4.4,4.0,1,8.0,2.0,1.0,15.6,1.0,50.0
62000.0,1.0,1.0,3.0,11.0,3.0,4.1,2.0,1,6.0,4.0,1.0,15.6,1.0,42.0
33490.0,9.0,1.0,7.0,9.0,1.9,3.8,2.0,1,2.0,4.0,1.0,14.0,1.0,45.0
46500.0,9.0,1.0,3.0,10.0,2.1,4.1,2.0,1,4.0,1.0,1.0,14.0,1.0,45.0
35500.0,9.0,1.0,7.0,9.0,1.9,3.8,2.0,1,2.0,4.0,1.0,14.0,1.0,45.0
103500.0,5.0,1.0,1.0,11.0,2.4,4.2,2.0,1,8.0,1.0,3.0,14.0,1.0,52.0
114500.0,5.0,2.0,5.0,5.0,2.4,4.2,2.0,1,9.0,1.0,1.0,15.6,1.0,53.0
102500.0,3.0,2.0,5.0,5.0,2.4,4.2,2.0,3,9.0,1.0,1.0,13.3,1.0,51.0
215500.0,3.0,1.0,2.0,11.0,2.4,4.7,2.0,3,12.0,2.0,3.0,13.3,1.0,56.0
69500.0,1.0,1.0,2.0,10.0,1.2,3.4,2.0,2,4.0,4.0,1.0,15.6,1.0,37.0
63000.0,1.0,1.0,1.0,10.0,1.0,3.6,2.0,1,6.0,1.0,1.0,15.6,1.0,37.0
65000.0,1.0,1.0,1.0,10.0,1.0,3.6,2.0,4,6.0,4.0,1.0,15.6,1.0,37.0
49000.0,1.0,1.0,3.0,10.0,1.2,3.4,2.0,1,4.0,1.0,1.0,15.6,1.0,37.0
49000.0,1.0,1.0,3.0,10.0,1.2,3.4,2.0,1,4.0,4.0,1.0,15.6,1.0,37.0
68000.0,1.0,1.0,1.0,10.0,1.0,3.6,2.0,1,6.0,1.0,1.0,15.6,1.0,37.0
133500.0,1.0,2.0,4.0,4.0,2.4,4.2,2.0,1,12.0,2.0,1.0,17.3,1.0,48.0
121000.0,1.0,2.0,5.0,4.0,3.0,4.0,2.0,1,11.0,1.0,1.0,15.6,1.0,48.0
128000.0,1.0,2.0,4.0,4.0,2.9,4.2,2.0,1,8.0,2.0,1.0,15.6,1.0,48.0
176000.0,1.0,2.0,4.0,5.0,2.4,4.4,2.0,2,18.0,2.0,1.0,15.6,1.0,90.0
146000.0,1.0,1.0,2.0,11.0,2.7,4.5,2.0,1,12.0,1.0,1.0,15.6,1.0,48.0
133500.0,1.0,1.0,1.0,11.0,2.7,4.5,2.0,1,12.0,2.0,1.0,15.6,1.0,48.0
93000.0,1.0,1.0,2.0,11.0,2.8,4.7,2.0,1,12.0,5.0,1.0,15.6,1.0,37.0
68900.0,1.0,1.0,3.0,11.0,3.0,4.1,2.0,2,6.0,4.0,1.0,14.0,1.0,37.0
62000.0,1.0,1.0,3.0,11.0,3.0,4.1,2.0,1,6.0,4.0,1.0,14.0,1.0,42.0
142000.0,7.0,3.0,10.0,11.0,3.0,4.1,2.0,1,18.0,1.0,1.0,13.3,1.0,42.0
155000.0,7.0,3.0,10.0,11.0,3.0,4.1,2.0,1,18.0,1.0,1.0,13.3,1.0,58.0
186000.0,7.0,3.0,10.0,11.0,3.0,4.1,2.0,6,18.0,1.0,1.0,13.3,1.0,58.0
142000.0,7.0,3.0,10.0,11.0,3.0,4.1,2.0,1,18.0,1.0,1.0,13.3,1.0,58.0
42500.0,1.0,1.0,7.0,9.0,1.1,2.8,2.0,1,4.0,4.0,1.0,15.6,1.0,42.0
45000.0,1.0,1.0,7.0,9.0,1.1,2.8,2.0,1,4.0,4.0,1.0,15.6,1.0,42.0
37500.0,2.0,1.0,7.0,9.0,1.1,2.6,2.0,1,4.0,4.0,1.0,10.1,1.0,45.0
30500.0,9.0,1.0,7.0,9.0,1.1,2.8,2.0,1,4.0,1.0,1.0,14.0,1.0,31.0
59950.0,9.0,1.0,2.0,11.0,1.8,4.2,2.0,1,13.0,1.0,1.0,14.0,1.0,31.0
75000.0,9.0,1.0,2.0,11.0,1.8,4.9,2.0,1,13.0,4.0,1.0,15.6,1.0,37.0
54000.0,2.0,1.0,3.0,11.0,3.0,4.1,2.0,1,6.0,4.0,1.0,14.0,1.0,37.0
158000.0,1.0,1.0,2.0,11.0,2.8,4.7,2.0,1,12.0,2.0,3.0,14.0,1.0,63.0
119000.0,1.0,1.0,1.0,11.0,2.4,4.2,2.0,1,8.0,1.0,3.0,14.0,1.0,63.0
98000.0,1.0,1.0,1.0,11.0,2.4,4.2,2.0,1,8.0,1.0,1.0,15.6,1.0,42.0
71000.0,1.0,1.0,3.0,11.0,2.4,4.1,4.0,1,6.0,1.0,1.0,15.6,1.0,42.0
71000.0,1.0,1.0,3.0,11.0,2.4,4.1,4.0,1,6.0,1.0,1.0,15.6,1.0,42.0
68500.0,1.0,1.0,3.0,11.0,2.4,4.1,2.0,1,6.0,4.0,1.0,15.6,1.0,42.0
108000.0,1.0,1.0,2.0,11.0,2.8,4.7,4.0,6,12.0,1.0,1.0,15.6,1.0,42.0
119000.0,1.0,1.0,2.0,11.0,2.8,4.7,4.0,1,12.0,1.0,1.0,15.6,1.0,42.0
100500.0,1.0,1.0,1.0,11.0,2.4,4.2,2.0,1,8.0,1.0,1.0,15.6,1.0,42.0
103000.0,1.0,1.0,1.0,11.0,2.4,4.2,2.0,1,8.0,1.0,1.0,15.6,1.0,42.0
112000.0,1.0,1.0,2.0,11.0,2.8,4.7,4.0,2,12.0,1.0,1.0,15.6,1.0,42.0
94500.0,1.0,1.0,1.0,11.0,2.4,4.2,4.0,1,8.0,1.0,1.0,15.6,1.0,42.0
83000.0,1.0,1.0,1.0,11.0,2.4,4.2,3.0,2,8.0,1.0,1.0,15.6,1.0,42.0
115000.0,1.0,1.0,2.0,11.0,2.8,4.7,2.0,1,12.0,2.0,1.0,14.0,1.0,42.0
95000.0,1.0,1.0,2.0,11.0,2.8,4.7,2.0,2,12.0,1.0,1.0,14.0,1.0,42.0
80000.0,1.0,1.0,1.0,11.0,2.4,4.2,2.0,1,8.0,1.0,1.0,14.0,1.0,42.0
78000.0,1.0,1.0,1.0,11.0,2.4,4.2,2.0,2,8.0,1.0,1.0,14.0,1.0,42.0
77000.0,1.0,1.0,1.0,11.0,2.4,4.2,2.0,1,8.0,1.0,1.0,14.0,1.0,42.0
78000.0,1.0,1.0,1.0,11.0,2.4,4.2,2.0,1,8.0,1.0,1.0,14.0,1.0,42.0
84000.0,1.0,1.0,1.0,11.0,2.4,4.2,2.0,1,8.0,2.0,1.0,14.0,1.0,42.0
84000.0,1.0,1.0,1.0,11.0,2.4,4.2,4.0,1,8.0,2.0,1.0,14.0,1.0,42.0
630000.0,1.0,2.0,11.0,6.0,1.1,4.9,2.0,1,18.0,5.0,2.0,16.0,1.0,90.0
145000.0,2.0,1.0,2.0,11.0,2.3,4.7,2.0,1,12.0,2.0,1.0,14.0,1.0,52.0
114000.0,3.0,1.0,2.0,11.0,2.3,4.7,2.0,1,12.0,1.0,1.0,14.0,1.0,42.0
99000.0,3.0,2.0,5.0,4.0,2.3,4.0,2.0,1,8.0,1.0,1.0,13.3,1.0,42.0
66000.0,3.0,1.0,3.0,11.0,3.0,4.1,4.0,1,4.0,1.0,1.0,14.0,1.0,42.0
58700.0,3.0,1.0,3.0,11.0,2.8,3.7,6.0,1,8.0,1.0,1.0,15.6,1.0,42.0
78800.0,3.0,1.0,1.0,12.0,2.4,4.4,6.0,1,12.0,1.0,1.0,14.0,1.0,42.0
425000.0,6.0,1.0,2.0,12.0,2.6,4.6,2.0,1,18.0,2.0,2.0,17.0,1.0,97.0
290000.0,6.0,1.0,2.0,12.0,2.8,4.8,2.0,1,13.0,2.0,5.0,13.0,1.0,42.0
222000.0,6.0,1.0,2.0,12.0,2.8,4.7,4.0,1,13.0,2.0,5.0,13.4,1.0,45.0
67500.0,6.0,1.0,1.0,11.0,2.4,4.2,6.0,1,8.0,4.0,1.0,14.0,1.0,42.0
85000.0,6.0,2.0,4.0,5.0,2.0,4.5,6.0,1,9.0,1.0,1.0,15.6,1.0,42.0
71500.0,6.0,2.0,5.0,5.0,2.3,4.3,2.0,1,9.0,1.0,1.0,15.6,1.0,42.0
84900.0,4.0,1.0,2.0,11.0,2.8,4.7,6.0,1,12.0,1.0,1.0,14.0,1.0,48.0
93000.0,3.0,2.0,4.0,5.0,1.8,4.4,6.0,1,9.0,1.0,1.0,13.3,1.0,42.0
155000.0,1.0,1.0,2.0,11.0,2.8,4.7,4.0,1,12.0,1.0,3.0,14.0,1.0,65.0
62550.0,9.0,1.0,3.0,11.0,1.7,3.0,4.0,1,4.0,1.0,1.0,14.0,1.0,49.0
82550.0,9.0,1.0,2.0,10.0,1.8,4.2,4.0,1,13.0,1.0,1.0,14.0,1.0,36.0
45550.0,9.0,1.0,7.0,11.0,1.1,4.2,2.0,1,4.0,1.0,1.0,14.0,1.0,36.0
44775.0,9.0,1.0,7.0,11.0,1.1,4.2,4.0,1,4.0,1.0,1.0,14.0,1.0,36.0
42775.0,9.0,1.0,7.0,11.0,1.1,4.8,4.0,1,4.0,1.0,1.0,14.0,1.0,36.0
87500.0,9.0,1.0,2.0,10.0,1.8,4.2,4.0,1,13.0,1.0,1.0,15.6,1.0,36.0
84750.0,9.0,1.0,2.0,10.0,1.8,4.6,2.0,1,8.0,1.0,1.0,15.6,1.0,36.0
67550.0,9.0,1.0,1.0,10.0,2.4,4.2,2.0,1,6.0,1.0,1.0,15.6,1.0,36.0
76000.0,13.0,1.0,1.0,11.0,2.4,4.2,2.0,1,8.0,1.0,3.0,14.0,1.0,54.0
76000.0,13.0,1.0,1.0,11.0,2.4,4.2,2.0,1,8.0,1.0,3.0,14.0,1.0,54.0
76000.0,13.0,1.0,1.0,11.0,2.4,4.2,4.0,1,12.0,1.0,3.0,14.0,1.0,54.0
369900.0,5.0,1.0,2.0,12.0,2.1,4.7,4.0,1,13.0,3.0,2.0,15.6,1.0,100.0
299900.0,5.0,1.0,2.0,12.0,3.5,4.7,2.0,1,13.0,2.0,2.0,15.6,1.0,100.0
199000.0,5.0,1.0,2.0,12.0,3.5,4.7,4.0,1,13.0,2.0,1.0,15.6,1.0,54.0
93500.0,5.0,1.0,2.0,12.0,3.5,4.7,6.0,1,12.0,1.0,1.0,15.6,1.0,40.0
51500.0,2.0,1.0,3.0,10.0,1.2,3.4,4.0,1,4.0,4.0,1.0,15.6,1.0,40.0
74500.0,2.0,1.0,1.0,11.0,2.4,4.2,6.0,1,8.0,1.0,1.0,15.6,1.0,40.0
100000.0,2.0,1.0,1.0,11.0,2.6,4.4,4.0,1,8.0,1.0,1.0,15.6,1.0,45.0
37000.0,2.0,1.0,7.0,9.0,1.1,3.1,4.0,1,4.0,4.0,1.0,14.0,1.0,35.0
69000.0,2.0,2.0,5.0,7.0,2.8,4.3,4.0,1,4.0,1.0,2.0,15.6,1.0,42.0
62000.0,2.0,2.0,5.0,7.0,2.8,4.3,4.0,1,9.0,1.0,2.0,15.6,1.0,42.0
62000.0,2.0,2.0,5.0,7.0,2.8,4.3,4.0,1,4.0,1.0,2.0,14.0,1.0,42.0
62000.0,2.0,2.0,5.0,7.0,2.8,4.3,4.0,1,4.0,1.0,2.0,14.0,1.0,42.0
92800.0,3.0,1.0,2.0,12.0,2.1,3.3,4.0,1,13.0,1.0,1.0,15.6,1.0,41.0
46200.0,3.0,1.0,7.0,9.0,3.0,2.8,4.0,1,4.0,4.0,1.0,15.6,1.0,41.0
50000.0,6.0,1.0,3.0,11.0,3.0,4.1,4.0,1,6.0,4.0,1.0,14.0,1.0,42.0
90000.0,6.0,1.0,2.0,11.0,2.8,4.7,4.0,1,12.0,1.0,1.0,14.0,1.0,42.0
99500.0,6.0,1.0,2.0,11.0,2.8,4.7,4.0,1,12.0,1.0,1.0,14.0,1.0,42.0
72500.0,6.0,1.0,3.0,11.0,3.0,4.1,4.0,1,6.0,1.0,1.0,14.0,1.0,41.0
65500.0,6.0,1.0,3.0,11.0,3.0,4.1,4.0,1,6.0,4.0,1.0,14.0,1.0,41.0
72500.0,11.0,2.0,4.0,3.0,2.3,4.0,4.0,1,4.0,1.0,1.0,14.0,2.0,42.0
75500.0,1.0,2.0,4.0,4.0,2.0,4.1,4.0,1,8.0,1.0,1.0,15.6,1.0,50.0
78700.0,1.0,2.0,4.0,4.0,2.0,4.1,4.0,1,18.0,1.0,1.0,15.6,1.0,50.0
130000.0,1.0,1.0,1.0,12.0,2.5,4.5,4.0,1,18.0,1.0,1.0,16.0,1.0,70.0
167000.0,1.0,1.0,2.0,11.0,3.3,4.8,4.0,1,12.0,2.0,1.0,16.0,1.0,96.0
178000.0,1.0,2.0,4.0,5.0,2.1,4.4,4.0,1,18.0,2.0,1.0,16.0,2.0,96.0
158000.0,1.0,2.0,8.0,5.0,3.0,4.6,4.0,1,18.0,2.0,1.0,15.6,1.0,63.0
59500.0,1.0,1.0,3.0,11.0,3.0,4.1,4.0,1,6.0,1.0,1.0,15.6,1.0,37.0
57000.0,1.0,1.0,3.0,11.0,3.0,4.1,4.0,1,6.0,4.0,1.0,14.0,1.0,37.0
54500.0,1.0,1.0,7.0,9.0,1.1,2.8,4.0,1,4.0,4.0,1.0,11.6,1.0,42.0
55500.0,1.0,2.0,6.0,3.0,2.1,3.5,4.0,1,5.0,4.0,1.0,15.6,1.0,37.0
53000.0,1.0,2.0,6.0,3.0,2.1,3.5,3.0,1,5.0,4.0,1.0,10.0,1.0,37.0
165000.0,7.0,1.0,1.0,11.0,2.4,4.3,4.0,1,5.0,1.0,1.0,13.6,2.0,53.0
232190.0,4.0,1.0,2.0,12.0,2.5,4.7,4.0,1,13.0,5.0,2.0,15.6,2.0,57.0
132000.0,4.0,1.0,2.0,11.0,3.3,4.8,4.0,1,12.0,1.0,1.0,15.6,1.0,57.0
52500.0,4.0,1.0,3.0,11.0,3.0,4.1,4.0,1,6.0,1.0,1.0,15.6,1.0,40.0
47000.0,4.0,2.0,6.0,3.0,2.6,3.5,4.0,1,12.0,1.0,1.0,15.6,1.0,20.0
49500.0,4.0,2.0,6.0,3.0,2.6,3.5,4.0,1,9.0,1.0,1.0,15.6,1.0,20.0
172000.0,4.0,1.0,2.0,11.0,2.3,4.6,4.0,1,13.0,2.0,1.0,15.6,1.0,20.0
61000.0,2.0,1.0,3.0,11.0,3.0,4.1,4.0,1,6.0,1.0,1.0,15.6,1.0,38.0
57800.0,2.0,1.0,3.0,11.0,3.0,4.1,5.0,1,6.0,1.0,1.0,15.6,1.0,38.0
55500.0,2.0,1.0,3.0,11.0,3.0,4.1,5.0,1,6.0,1.0,1.0,15.6,1.0,38.0
74000.0,2.0,1.0,1.0,11.0,2.4,4.2,6.0,1,8.0,1.0,1.0,15.6,4.0,45.0
74500.0,2.0,1.0,1.0,11.0,2.4,4.2,4.0,1,8.0,1.0,1.0,14.0,1.0,45.0
55500.0,1.0,2.0,6.0,3.0,2.6,3.5,4.0,1,4.0,4.0,1.0,15.6,1.0,45.0
52000.0,1.0,2.0,6.0,3.0,2.6,3.5,4.0,1,4.0,4.0,1.0,15.6,1.0,37.0
56000.0,6.0,1.0,3.0,11.0,3.0,4.1,6.0,1,6.0,4.0,1.0,15.6,1.0,42.0
53000.0,2.0,1.0,3.0,11.0,3.0,4.1,5.0,1,6.0,4.0,1.0,14.0,1.0,38.0
56500.0,2.0,1.0,3.0,11.0,3.0,4.1,5.0,1,6.0,4.0,1.0,14.0,1.0,38.0
154000.0,4.0,1.0,2.0,10.0,2.6,4.2,4.0,1,13.0,2.0,1.0,15.6,1.0,37.0
95000.0,8.0,1.0,1.0,10.0,2.1,4.2,4.0,1,13.0,1.0,3.0,12.3,1.0,40.0
